-- phpMyAdmin SQL Dump
-- version 4.9.1
-- https://www.phpmyadmin.net/
--
-- Máy chủ: 127.0.0.1
-- Thời gian đã tạo: Th5 20, 2020 lúc 08:41 AM
-- Phiên bản máy phục vụ: 10.4.8-MariaDB
-- Phiên bản PHP: 7.1.32

SET SQL_MODE = "NO_AUTO_VALUE_ON_ZERO";
SET AUTOCOMMIT = 0;
START TRANSACTION;
SET time_zone = "+00:00";


/*!40101 SET @OLD_CHARACTER_SET_CLIENT=@@CHARACTER_SET_CLIENT */;
/*!40101 SET @OLD_CHARACTER_SET_RESULTS=@@CHARACTER_SET_RESULTS */;
/*!40101 SET @OLD_COLLATION_CONNECTION=@@COLLATION_CONNECTION */;
/*!40101 SET NAMES utf8mb4 */;

--
-- Cơ sở dữ liệu: `shopdan`
--

-- --------------------------------------------------------

--
-- Cấu trúc bảng cho bảng `dt_admin`
--

CREATE TABLE `dt_admin` (
  `id` int(255) NOT NULL,
  `email` varchar(255) NOT NULL,
  `password` varchar(255) NOT NULL,
  `name` varchar(255) NOT NULL
) ENGINE=InnoDB DEFAULT CHARSET=utf8;

--
-- Đang đổ dữ liệu cho bảng `dt_admin`
--

INSERT INTO `dt_admin` (`id`, `email`, `password`, `name`) VALUES
(1, 'admin@gmail.com', '4DFF4EA340F0A823F15D3F4F01AB62EAE0E5DA579CCB851F8DB9DFE84C58B2B37B89903A740E1EE172DA793A6E79D560E5F7F9BD058A12A280433ED6FA46510A', 'David');

-- --------------------------------------------------------

--
-- Cấu trúc bảng cho bảng `dt_answer`
--

CREATE TABLE `dt_answer` (
  `id` int(11) NOT NULL,
  `question_id` int(11) NOT NULL,
  `content` varchar(500) NOT NULL,
  `order` int(11) NOT NULL,
  `vote` int(11) NOT NULL
) ENGINE=InnoDB DEFAULT CHARSET=utf8;

--
-- Đang đổ dữ liệu cho bảng `dt_answer`
--

INSERT INTO `dt_answer` (`id`, `question_id`, `content`, `order`, `vote`) VALUES
(1, 1, 'Khá Tốt', 1, 17),
(2, 1, 'Tốt', 2, 8),
(3, 1, 'Chưa Tốt', 3, 5),
(4, 1, 'Tệ', 4, 5);

-- --------------------------------------------------------

--
-- Cấu trúc bảng cho bảng `dt_category`
--

CREATE TABLE `dt_category` (
  `id` int(255) NOT NULL,
  `department_id` int(11) NOT NULL,
  `name` varchar(255) NOT NULL,
  `order` int(11) NOT NULL,
  `active` tinyint(4) NOT NULL
) ENGINE=InnoDB DEFAULT CHARSET=utf8;

--
-- Đang đổ dữ liệu cho bảng `dt_category`
--

INSERT INTO `dt_category` (`id`, `department_id`, `name`, `order`, `active`) VALUES
(1, 1, 'Piano Cơ', 1, 1),
(2, 1, 'Piano Điện', 2, 1),
(3, 2, 'Organ', 1, 0),
(4, 3, 'Guitar', 1, 0),
(5, 4, 'Phụ Kiện', 1, 0);

-- --------------------------------------------------------

--
-- Cấu trúc bảng cho bảng `dt_contact`
--

CREATE TABLE `dt_contact` (
  `id` int(11) NOT NULL,
  `email` varchar(255) NOT NULL,
  `name` varchar(255) NOT NULL,
  `subject` varchar(255) NOT NULL,
  `content` varchar(500) NOT NULL
) ENGINE=InnoDB DEFAULT CHARSET=utf8;

--
-- Đang đổ dữ liệu cho bảng `dt_contact`
--

INSERT INTO `dt_contact` (`id`, `email`, `name`, `subject`, `content`) VALUES
(5, 'duyvip@gmail.com', 'Nguyễn Văn A', 'Vui vì sướng!', 'Đi chơi thoi aaaaaa'),
(6, '1315@gmail.co', 'DUy', '', '');

-- --------------------------------------------------------

--
-- Cấu trúc bảng cho bảng `dt_department`
--

CREATE TABLE `dt_department` (
  `id` int(255) NOT NULL,
  `name` varchar(255) NOT NULL,
  `order` int(11) NOT NULL,
  `active` tinyint(4) NOT NULL
) ENGINE=InnoDB DEFAULT CHARSET=utf8;

--
-- Đang đổ dữ liệu cho bảng `dt_department`
--

INSERT INTO `dt_department` (`id`, `name`, `order`, `active`) VALUES
(1, 'Piano', 1, 1),
(2, 'Organ', 1, 1),
(3, 'Guitar', 1, 1),
(4, 'Phụ Kiện', 4, 1);

-- --------------------------------------------------------

--
-- Cấu trúc bảng cho bảng `dt_order`
--

CREATE TABLE `dt_order` (
  `id` int(255) NOT NULL,
  `user_id` int(255) NOT NULL,
  `create_at` date NOT NULL,
  `name` varchar(100) NOT NULL,
  `address` varchar(500) NOT NULL,
  `ship_at` date NOT NULL,
  `email` varchar(255) NOT NULL,
  `mobile` varchar(100) NOT NULL,
  `remark` varchar(500) NOT NULL,
  `status` tinyint(4) NOT NULL COMMENT '0:Mới đặt, 1:Đã xác nhận,2:Đang giao,3:Đã giao,4:Hoàn tất,-1:Hủy'
) ENGINE=InnoDB DEFAULT CHARSET=utf8;

--
-- Đang đổ dữ liệu cho bảng `dt_order`
--

INSERT INTO `dt_order` (`id`, `user_id`, `create_at`, `name`, `address`, `ship_at`, `email`, `mobile`, `remark`, `status`) VALUES
(1, 1, '2018-01-21', 'Nguyễn Văn Test', '110 Quang Trung, Q.Gò Vấp, TP.HCM', '2018-01-21', 'duydeptrai@gmail.com', '01236547893', 'Giao sớm nhé !', 0),
(2, 1, '2018-01-21', 'Nguyễn Văn Test', '110 Quang Trung, Q.Gò Vấp, TP.HCM', '2018-01-21', 'duydeptrai@gmail.com', '01236547893', 'Giao trong 3 ngày nhé!', 0),
(3, 1, '2018-01-21', 'Nguyễn Văn Test', '110 Quang Trung, Q.Gò Vấp, TP.HCM', '2018-01-21', 'duydeptrai@gmail.com', '01236547893', 'Ok', 3),
(4, 1, '2018-01-21', 'Nguyễn Văn Test', '110 Quang Trung, Q.Gò Vấp, TP.HCM', '2018-01-21', 'duydeptrai@gmail.com', '01236547893', 'R', -1),
(5, 2, '2018-01-21', 'Nguyễn Văn Test', 'ss', '2018-01-21', 'duyvip@gmail.com', '0123547412', 'ss', -1),
(6, 1, '2018-01-22', 'Nguyễn Văn Test', '110 Quang Trung, Q.Gò Vấp, TP.HCM', '2018-01-22', 'duydeptrai@gmail.com', '01236547893', 'OK', 0),
(7, 2, '2018-01-22', 'Nguyễn Văn Tết', '80/9 Quang Trung, Q.12, TP.HCM', '2018-01-22', 'duyvip@gmail.com', '0123547412', '1', 0),
(8, 1, '2018-01-29', 'Nguyễn Văn Test', '110 Quang Trung, Q.Gò Vấp, TP.HCM', '2018-01-29', 'duydeptrai@gmail.com', '01236547893', 'dsfds', 0),
(9, 1, '2018-03-12', 'Nguyễn Văn Test', '110 Quang Trung, Q.Gò Vấp, TP.HCM', '2018-03-12', 'duydeptrai@gmail.com', '01236547893', 'dsadsdsd', 0);

-- --------------------------------------------------------

--
-- Cấu trúc bảng cho bảng `dt_order_detail`
--

CREATE TABLE `dt_order_detail` (
  `order_id` int(255) NOT NULL,
  `product_id` int(255) NOT NULL,
  `qty` int(255) NOT NULL,
  `price` decimal(10,0) NOT NULL
) ENGINE=InnoDB DEFAULT CHARSET=utf8;

--
-- Đang đổ dữ liệu cho bảng `dt_order_detail`
--

INSERT INTO `dt_order_detail` (`order_id`, `product_id`, `qty`, `price`) VALUES
(1, 2, 1, '32000000'),
(1, 4, 1, '135000000'),
(2, 104, 1, '10200000'),
(2, 141, 2, '75000'),
(2, 150, 1, '175000'),
(3, 2, 3, '32000000'),
(3, 103, 10, '7800000'),
(3, 142, 2, '120000'),
(4, 106, 2, '9500000'),
(4, 140, 1, '80000'),
(5, 2, 1, '32000000'),
(6, 103, 1, '7800000'),
(6, 133, 1, '1500000'),
(6, 144, 3, '20000'),
(7, 104, 5, '10200000'),
(7, 138, 2, '4600000'),
(7, 140, 6, '80000'),
(8, 21, 1, '41000000'),
(9, 31, 2, '57000000'),
(9, 142, 4, '120000'),
(10, 14, 2, '47000000'),
(11, 22, 1, '50000000'),
(11, 130, 2, '4500000'),
(11, 141, 1, '75000'),
(12, 6, 1, '25000000'),
(13, 1, 1, '100000000'),
(14, 4, 1, '135000000'),
(15, 21, 1, '41000000'),
(16, 47, 1, '22000000'),
(17, 138, 1, '4600000');

-- --------------------------------------------------------

--
-- Cấu trúc bảng cho bảng `dt_product`
--

CREATE TABLE `dt_product` (
  `id` int(255) NOT NULL,
  `category_id` int(255) NOT NULL,
  `name` varchar(255) NOT NULL,
  `price` decimal(10,0) NOT NULL,
  `desc` text DEFAULT NULL,
  `detail` text DEFAULT NULL,
  `img_url` varchar(255) NOT NULL,
  `create_at` date NOT NULL,
  `qty` int(255) NOT NULL DEFAULT 0,
  `note` varchar(500) DEFAULT NULL,
  `sold` int(11) NOT NULL DEFAULT 0,
  `view` int(11) NOT NULL DEFAULT 0,
  `active` tinyint(4) NOT NULL
) ENGINE=InnoDB DEFAULT CHARSET=utf8;

--
-- Đang đổ dữ liệu cho bảng `dt_product`
--

INSERT INTO `dt_product` (`id`, `category_id`, `name`, `price`, `desc`, `detail`, `img_url`, `create_at`, `qty`, `note`, `sold`, `view`, `active`) VALUES
(1, 1, 'Carl Seiler 133D', '100000000', '<p>Carl Seiler l&agrave; một nh&atilde;n hiệu của h&atilde;ng sản xuất piano Pruthner tại Nhật Bản. Piano Carl Seiler 133D cao 133cm cao hơn size U3 của Yamaha (131cm) cho &acirc;m thanh ấm &aacute;p, vang hay. Thiết kế quyến rũ với m&agrave;u gỗ đỏ, ch&acirc;n cong.<img alt=\"\" src=\"/../../userfiles/images/SinhVienIT_NET---resized-wallpaper-hd-by-sinhvienit-38-.jpg\" /></p>\r\n\r\n<p>&nbsp;</p>\r\n\r\n<p><img alt=\"\" src=\"/../../userfiles/images/ATq0NDj.jpg\" /></p>\r\n', '', 'Carl-Seiler-133D-205x205', '0000-00-00', 20, '', 0, 161, 1),
(2, 1, 'Dan piano Kawai-BL71', '32000000', 'Đàn Piano Kawai BL71 dòng đàn piano cũ chất lượng và đẳng cấp của thương hiệu Kawai Nhật Bản. Dòng piano accoustic được người dùng ưa chuộng hiện nay.\r\nVới chiều cao 132 cm, cao nhất trong số những cây đàn piano đứng (upright), đàn piano Kawai BL71 sẽ mang đến âm thanh vang và độ sáng, độ chi tiết cao, phù hợp cho nhiều thể loại nhạc mà bạn chơi. Đây là sự lựa chọn tốt dành cho học tập của nhiều người hiện nay, xứng đáng với giá trị bỏ ra đầu tư mua đàn piano cũ.', NULL, 'Dan-piano-Kawai-BL71-205x205', '0000-00-00', 30, NULL, 0, 124, 1),
(3, 1, 'Dan Yamaha U2H', '42000000', 'Piano Kawai U2 được sản xuất vào năm 1986, thời kỳ Kawai đạt đến đỉnh cao trong thiết kế và sản xuất đàn piano.\r\nThiết kế với kiểu dáng mạnh mẽ, thiết kế nắp đậy bàn phím mở đứng và giá sách dài rộng giống đàn grand piano.\r\n\r\nÂm sắc của đàn U2 rất giống với đàn grand piano, mang tính đột phá đối với một cây đàn upright rất đặc biệt.', NULL, 'Dan-Yamaha-U2H-205x205', '0000-00-00', 12, NULL, 0, 9, 1),
(4, 1, 'Grand Piano Yamaha', '135000000', '<p>Grand piano Yamaha G2E Đàn Piano Yamaha G2E thuộc dòng đàn Grand Piano, mang vẻ đẹp quy&ecirc;́n rũ, c&oacute; &acirc;m thanh trong s&aacute;ng, k&iacute;ch thước lớn ph&ugrave; hợp với kh&ocirc;ng gian nh&agrave; rộng, biệt thự, sảnh kh&aacute;ch sạn lớn, Đàn Piano Yamaha G2E t&ocirc;n l&ecirc;n vẻ qu&yacute; tộc của người sử dụng. Th&ocirc;ng s&ocirc;́ kỹ thuật: &ndash; Nh&agrave; sản xuất: Piano Yamaha &ndash; Model: G2E &ndash; M&agrave;u: Đen &ndash; Pedals: 03 | Soft Pedal, Mute Pedal, Damper Pedal. &ndash; K&iacute;ch thước: Cao (Height):111 cm , Rộng(Width):151 cm , Ngang(Depth):123 cm &ndash; Trọng lượng: 328 kg &ndash; Chứng từ gốc: CO/CQ &ndash; Bảo h&agrave;nh: 05 Năm &ndash; Dịch vụ k&egrave;m theo: Miễn ph&iacute; vận chuyển tận nơi nội th&agrave;nh, tặng khăn phủ ph&iacute;m, tặng khăn phủ đ&agrave;n, tặng ống sưởi, tặng g&oacute;i dịch vụ tại gia thời hạn 05 năm : Bảo dưỡng m&aacute;y, bảo dưỡng đ&agrave;n, vệ sinh, chỉnh d&acirc;y</p>\r\n', '', 'Grand-Piano-Yamaha-G2E-205x205', '0000-00-00', 10, '', 0, 185, 1),
(5, 1, 'Kawai BL 51', '41000000', 'Đàn piano Kawai BL-61 do thương hiệu đàn piano nổi tiếng Nhật Bản sản xuất với chất lượng hàng đầu trong ngành công nghiệp sản xuất đàn piano.\r\n\r\nĐàn piano Kawai BL-61 hoàn toàn phù hợp cho những khách hàng nào cần một cây đàn piano tốt để chơi nhưng lại đáp ứng được yếu tố thẩm mỹ để trang trí không gian trong nhà. Đàn piano Kawai BL-61 có màu đen huyền bí, chân đàn thẳng với thùng góc cạnh, là cây đàn piano đúng chất cổ điển sẽ thích hợp cho những ai yêu thích vẻ đẹp này.\r\n\r\nĐàn piano Kawai BL-61 được các nghệ nhân tỉ mỉ làm với từng chi tiết, kết hợp giữa những công nghệ tiên tiến và truyền thống, kết hợp với vật liệu chất lượng cao tạo nên cây đàn piano Kawai hoàn hảo.\r\n\r\nĐàn piano Kawai BL-61 sẽ mê hoặc bạn ngay khi tiếng đàn vang lên, bởi âm thanh thực sự tuyệt vời và rất đặc trưng, bàn phím Kawai quá nổi tiếng về độ hay độ tốt làm hài lòng hầu như mọi người.', NULL, 'Kawai-BL-51-205x205', '0000-00-00', 22, NULL, 0, 2, 1),
(6, 1, 'Kawai KU1D', '25000000', 'Piano Kawai KU-1D secondhand', NULL, 'Kawai-KU1D-205x205', '0000-00-00', 30, NULL, 0, 0, 1),
(7, 1, 'Kraus U130', '36000000', 'Piano Kraus U130 được sản xuất tại Nhật bản khoảng thập niên 1980 bởi nhà sản xuất piano Taisei. Đây là nhà sản xuất piano khá nổi tiếng của Nhật Bản với những thương hiệu đàn piano cũ vẫn được tin dùng đến ngày nay như piano Rolex, Gors Kallmann…\r\n\r\nPiano Kraus U130 có chiều cao 131cm tương đương với size U3 của Yamaha nên cho âm sắc vang hay, tiếng bass trầm ấm. Bên cạnh đó, đàn có thiết kế chân cong hài hòa với hai đường họa tiết trên thùng đàn, phù hợp với mọi không gian từ gia đình để học tập giải trí đến sân khấu biểu diễn.', NULL, 'Kraus-U130-205x205', '0000-00-00', 15, NULL, 0, 3, 1),
(8, 1, 'Piano Apollo A7', '52000000', 'Apollo là một thương hiệu của hãng sản xuất đàn piano TOYO Nhật Bản.\r\n\r\nPiano Apollo A7 có chiều cao 132cm cho âm thanh vang, rất hay, tiếng bass dày.', NULL, 'Piano-Apollo-A7-205x205', '0000-00-00', 17, NULL, 0, 1, 1),
(9, 1, 'Piano Atlas A22H', '38000000', 'Piano Atlas là một thương hiệu đàn piano nổi tiếng tại Nhật những năm 1980. Đặc trưng riêng của dòng đàn piano Atlas A22H là âm sắc nghe rất sang trọng. Thiết kế của piano Atlas A22H rất tinh tế và đa dạng.', NULL, 'Piano-Atlas-A22H-205x205', '0000-00-00', 9, NULL, 0, 1, 1),
(10, 1, 'Piano Atlas NA', '28000000', 'Đàn piano Atlas NA-605 được thiết kế dựa theo dòng đàn cơ dạng đứng upright cổ điển .Với chiều cao 131cm tương đương dòng U3 của Yamaha, piano Atlas NA-605 được đánh giá sở hữu âm thanh tinh tế, trầm ấm đáp ứng được nhu cầu của người sử dụng.\r\n\r\nThông số kỹ thuật đàn piano Atlas NA-605\r\n\r\n– Số phím: 88 phím\r\n\r\n– Chất liệu phím: Phenolic Resin\r\n\r\n– Pedal: 3 (Soft Pedal, Mute Pedal, Damper Pedal)\r\n\r\n– Màu sắc: Đen bóng\r\n\r\n– Tình trạng đàn: Đã qua sử dụng\r\n\r\n– Thời gian bảo hành: 5 năm\r\n\r\n– Bảo trì: 5 lần bảo trì miễn phí\r\n\r\n– Vận chuyển: Miễn phí nội thành TP.HCM\r\n\r\n– Trọng lượng: 270 Kg\r\n\r\n– Kích thước: 151 W – 133 H – 63 D\r\n\r\n– Hãng sản xuất: Atlas\r\n\r\n– Xuất xứ: Nhật Bản', NULL, 'Piano-Atlas-NA-605-205x205', '0000-00-00', 15, NULL, 0, 1, 1),
(11, 1, 'Piano Ballindamm BU 30', '26000000', 'Ballindamm là một nhãn hiệu đàn piano thuộc công ty Toyo Piano Nhật Bản.\r\n\r\nĐàn piano Ballindamm BU30 được thiết kế tinh tế với mà vân gỗ cánh gián, chân cong mang dáng vẻ cổ điển. Âm thanh vang hay.', NULL, 'Piano-Ballindamm-BU-30-205x205', '0000-00-00', 19, NULL, 0, 1, 1),
(12, 1, 'Piano Helman 2A', '26000000', 'Helman là thương hiệu piano của hãng TOYO piano Nhật Bản.', NULL, 'Piano-Helman-2A-205x205', '0000-00-00', 22, NULL, 0, 13, 1),
(13, 1, 'Piano Kawai BL61', '41000000', 'Đàn piano Kawai BL-61 do thương hiệu đàn piano nổi tiếng Nhật Bản sản xuất với chất lượng hàng đầu trong ngành công nghiệp sản xuất đàn piano.\r\n\r\nĐàn piano Kawai BL-61 hoàn toàn phù hợp cho những khách hàng nào cần một cây đàn piano tốt để chơi nhưng lại đáp ứng được yếu tố thẩm mỹ để trang trí không gian trong nhà. Đàn piano Kawai BL-61 có màu đen huyền bí, chân đàn thẳng với thùng góc cạnh, là cây đàn piano đúng chất cổ điển sẽ thích hợp cho những ai yêu thích vẻ đẹp này.\r\n\r\nĐàn piano Kawai BL-61 được các nghệ nhân tỉ mỉ làm với từng chi tiết, kết hợp giữa những công nghệ tiên tiến và truyền thống, kết hợp với vật liệu chất lượng cao tạo nên cây đàn piano Kawai hoàn hảo.\r\n\r\nĐàn piano Kawai BL-61 sẽ mê hoặc bạn ngay khi tiếng đàn vang lên, bởi âm thanh thực sự tuyệt vời và rất đặc trưng, bàn phím Kawai quá nổi tiếng về độ hay độ tốt làm hài lòng hầu như mọi người.', NULL, 'Piano-Kawai-BL61-205x205', '0000-00-00', 14, NULL, 0, 1, 1),
(14, 1, 'Piano Kawai US 50', '47000000', 'Series US là dòng đàn cao cấp của hãng piano Kawai.\r\n\r\nPiano Kawai US50 là một trong những dòng piano upright phổ biến và bán chạy nhất của Kawai. Với chiều cao 132cm cùng với công nghệ chế tạo piano tiên tiến, US50 cho âm thanh trong trẻo, vang, tiếng bass nghe rất ấm, cho âm sắc rất gần giống với grand piano.', NULL, 'Piano-Kawai-US-50-205x205', '0000-00-00', 35, NULL, 0, 0, 1),
(15, 1, 'Piano Kawai US60M', '46000000', 'Piano Kawai US60M là phiên bản piano upright giới hạn đặc biệt của hãng Kawai nhân dịp mừng kỷ niệm 60 năm thành lập.\r\nĐược sản xuất vào năm 1987, Kawai US60M thực sự là dòng đàn piano upright chuyên nghiệp với âm sắc chuẩn mực. Theo nhiều chuyên gia thẩm định, âm sắc của Kawai US60M tương đương với dòng grand piano 5’8″ do bảng phát âm thanh (soundboard) có kích thước tương đượng với đàn đại dương cầm cỡ nhỏ (baby grand).\r\n\r\nMột đặc điểm đáng lưu ý là giá sách của Kawai US60M được thiết kế độc lập với nắp đàn (fallboard), với kích thước lớn vừa mang dáng vẻ hiện đại, chắc chắn vừa thuận tiện cho việc để sách nhạc.\r\n\r\nKiểu dáng của Kawai US60M mang phong cách của đàn piano grand với nắp mở dựng đứng, thành hai bên được uống cong.', NULL, 'Piano-Kawai-US60M-205x205', '0000-00-00', 20, NULL, 0, 1, 1),
(16, 1, 'Piano Kawai US 65', '50000000', 'Piano Kawai US65 được sản xuất vào năm 1986, thời kỳ Kawai đạt đến đỉnh cao trong thiết kế và sản xuất đàn piano.\r\nThiết kế với kiểu dáng mạnh mẽ, thiết kế nắp đậy bàn phím mở đứng và giá sách dài rộng giống đàn grand piano.\r\n\r\nÂm sắc của đàn US65 rất giống với đàn grand piano, mang tính đột phá đối với một cây đàn upright rất đặc biệt.', NULL, 'Piano-Kawai-US-65-205x205', '0000-00-00', 20, NULL, 0, 1, 1),
(17, 1, 'Piano Marchen MS 20', '57000000', 'Marchen là một thương hiệu piano Nhật Bản thuộc hãng sản xuất piano nổi tiếng Kawai. Cấu trúc đàn, âm sắc, thiết kế… đều do Kawai sản xuất nên chất lượng đàn Marchen thực sự là chất lượng của đàn Kawai.\r\n\r\nPiano Marchen MS20 có âm sắc rất ấm áp và thanh thoát giống như Kawai nhưng giá rất bình dân. Thiết kế của đàn hài hòa phù hợp với mọi không gian nội thất.', NULL, 'Piano-Marchen-MS-20-205x205', '0000-00-00', 25, NULL, 0, 29, 1),
(18, 1, 'Piano Miki M1F', '60000000', 'Piano Miki M1F thừa hưởng tất cả thiết kế, chất lượng giống như 1 cây đàn Yamaha. Đặc biệt, bộ máy action trên đàn Miki M1F được đóng nhãn Yamaha. Vì vậy, chất lượng của đàn Miki giống hoàn toàn với đàn piano Yamaha nhưng mức rất cực kỳ mềm cho người sử dụng.', NULL, 'Piano-Miki-M1F-205x205', '0000-00-00', 36, NULL, 0, 0, 1),
(19, 1, 'piano yamaha u1e', '32000000', 'Yamaha piano dòng U upright từ lâu đã là một sự lựa chọn hàng đầu cho các tổ chức giáo dục, nhạc sĩ chuyên nghiệp và các nghệ sĩ piano. Nhờ thiết kế toàn diện theo tiêu chuẩn quốc tế cải thiện hiệu suất âm, độ bền của piano. Là dòng đầu tiên đặt ra tiêu chuẩn quốc tế trong sản xuất với những kiểu dáng sang trọng.\r\n\r\nThường có màu đen và rất bóng theo công nghệ Nhật Bản, Piano Yamaha U1E  phù hợp với những đối tượng mới học piano, là sự chọn lựa ưa thích của người tiêu dùng Việt. Với chiều cao 121cm chiếc đàn Piano Yamaha U1E  rất phù hợp với những không gian nhỏ gọn, làm bằng gỗ tự nhiên theo công nghệ Nhật Bản đem tới độ bền lên đến hàng trăm năm cho cây đàn Piano.', NULL, 'piano-yamaha-u1e-205x205', '0000-00-00', 25, NULL, 0, 2, 1),
(20, 1, 'piano yamaha u1f', '34000000', 'Đàn Piano Yamaha dòng U từ lâu đã là một sự lựa chọn hàng đầu cho các tổ chức giáo dục, nhạc sĩ chuyên nghiệp,nghệ sĩ piano,người bắt đầu học piano và biểu diễn bán chuyên nghiệp ở Việt Nam.\r\n\r\nNhờ thiết kế lại toàn diện, sử dụng các vật liệu tiêu chuẩn thế giới chất lượng tốt nhất, piano Yamaha U1F có những tiến bộ rất nhiều trong thiết kế và sản xuất. Thiết kế tinh xảo cho các chi tiết các thành phần cải thiện hiệu suất âm, trong khi các sửa đổi khác làm tăng độ mạnh mẽ và độ bền của đàn. Và nhà sản xuất đặt ra những tiêu chuẩn đặc biệt  khắt khe, kết hợp các tinh túy chuyển thể từ đàn Piano  Yamaha lớn (grand) để chế tác ra các cây đàn dòng U tiêu chuẩn tốt nhất.', NULL, 'piano-yamaha-u1f-205x205', '0000-00-00', 10, NULL, 0, 0, 1),
(21, 1, 'Piano Yamaha U1H', '41000000', 'Đàn Piano Yamaha dòng U từ lâu đã là một sự lựa chọn hàng đầu cho các tổ chức giáo dục, nhạc sĩ chuyên nghiệp, nghệ sĩ piano,người bắt đầu học piano và biểu diễn bán chuyên nghiệp ở Việt Nam.\r\nĐàn Piano Yamaha U1H có thiết kế sang trọng với màu đen bóng, phù hợp với mọi vật liệu nội thất trong nhà, khách sạn,… với âm thanh bay bổng và âm bass dày dặn đã tạo nên một cây đàn thật hoàn hảo.\r\n\r\nMột Số đặc điểm nổi bật trên Yamaha U1H\r\n\r\n1. Thùng đàn Yamaha U1H\r\n\r\nThùng đàn Piano Yamaha U1H có hình dáng giống tủ đứng, được phủ lớp sơn màu đen sáng bóng, góp phần tôn lên vẻ đẹp sang trọng cho cây đàn piano yamaha U1H. Đặc biệt hơn hết, thùng đàn là bộ phần nâng đỡ rất nhiều các bộ phận khác như khung đàn…Nó được làm từ một loại gỗ lớn họ thông.\r\n\r\n2. Pedals U1H\r\n\r\nYamaha U1H có 3 bàn đạp với 3 chức năng khác nhau: soft pedal là giảm âm thanh, tiếp đến là sostenuto pedal là pedal duy trì và cuối cùng là damper pedal (hoặc sustain pedal) là pedal vang âm. Chất liệu của bộ Pedals được đúc từ hợp kim đồng nên rất chắc chắn và sơn màu vàng sáng bóng tạo nên vẻ sang trọng hơn cho cây đàn piano U1H.\r\n\r\n3. Bộ máy Yamaha U1H\r\n\r\nBàn phím piano yamaha U1H gồm có 88 phím, được làm từ chất liệu Phenolic Resin.\r\n\r\nBộ máy phía trong đàn là một tổ hợp liên kết của các bộ phận nhỏ lại với nhau. Nguyên lý hoạt động giống như đòn bẩy và đặc điểm dễ dàng nhận biết là búa đàn. Và hầu hết các chi tiết trong máy đàn đều được chế tạo thủ công và bằng gỗ nên rất nhảy cảm với nhiệt độ và độ ẩm.\r\n\r\nTuy nhiên, giải pháp ống sưởi của các chuyên gia kỹ thuật piano đã giải quyết cho bài toán sử dụng piano tại khí hậu nóng ẩm tại Việt Nam.\r\n\r\n4. Dây đàn U1H\r\n\r\nDây đàn Yamaha U1H được chế tạo bằng thép cường độ cao, hội tụ yếu tố dẻo dai, ít cacbon nhất, dây có đường kính khác nhau. Tổng số lượng dây đàn trên cây piano U1H là 220 dây.\r\n\r\n5. Soundboard Yamaha U1H\r\n\r\nCác soundboard thường được làm từ gỗ họ thông như gỗ Vân Sam Sitka, độ dày của Soundboard vào khoảng ½ inch tương đương 1.27cm, rộng khoảng 4 – 6 inch tương đương 10.16 – 15.24cm và được ghép lại với nhau để tạo thành 1 tấm soundboard lớn.\r\n\r\nBảng cộng hưởng (Soundboard) bao gồm 2 bộ phận chính là: xương sườn (Ribs) và ngựa đàn (bridge)', NULL, 'Piano-Yamaha-U1H-205x205', '0000-00-00', 20, NULL, 0, 0, 1),
(22, 1, 'Piano Yamaha U1M', '50000000', 'Đàn Piano Yamaha từ lâu là thương hiệu piano được ưa chuộng tại Việt Nam bởi chất lượng và uy tín đối với người sử dụng.\r\n\r\nĐàn Piano cơ yamaha U1M – một trong những cây đàn piano được người tiêu dùng bình chọn, yêu thích nhất trong các loại đàn piano Yamaha\r\n\r\nĐàn Piano Yamaha U1M có thiết kế sang trọng với màu đen bóng, phù hợp với mọi vật liệu nội thất trong nhà, khách sạn,… với âm thanh bay bổng và âm bass dày dặn đã tạo nên một cây đàn thật hoàn hảo. \r\nSản phẩm và dịch vụ kèm theo khi mua đàn: miễn phí vận chuyển tận nơi nội thành TP.HCM, tặng ghế, khăn phủ phím, khăn phủ đàn và ống sưởi.\r\n\r\n', NULL, 'Piano-Yamaha-U1M-205x205', '0000-00-00', 14, NULL, 0, 4, 1),
(23, 1, 'Piano Yamaha U2A', '55000000', 'Piano Yamaha U2A được sản xuất từ năm 1982 – 1987 tại Nhật Bản với số seri dao động từ 3.670.000 đến 4.450.000. Vì vậy đàn piano U2A còn rất mới, đặc biệt là hệ thống búa và action còn rất tốt. Âm sắc rất hay nhờ vào công nghệ đỉnh cao trong việc chế tạo piano trong thập niên 1990 của Yamaha', NULL, 'Piano-Yamaha-U2A-205x205', '0000-00-00', 14, NULL, 0, 0, 1),
(24, 1, 'Piano Yamaha U2C', '67000000', 'Với chiều cao trung bình của dòng “upright piano” 127 cm , đàn piano yamaha U2C rất phù hợp cho người mới tập, kể cả trẻ em hay người lớn. Ngoài giai điệu trong sáng, đàn piano cũ  Piano Yamaha U2C còn sở hữu vẻ đẹp từ gỗ gụ đánh bóng sang trọng, tạo điểm nhấn cực kỳ ấn tượng cho căn phòng của bạn.\r\n\r\nThiết kế của dòng Yamaha U2 phù hợp với những ngôi nhà có không gian trung bình (từ 17,5m2 trở lên). Piano đứng Yamaha U2C được chế tác và lắp ráp tại Nhật Bản.', NULL, 'Piano-Yamaha-U2C-205x205', '0000-00-00', 18, NULL, 0, 7, 1),
(25, 1, 'Piano Yamaha U2F', '69000000', 'Đàn piano Yamaha U2F là cây đàn piano chính hãng được sản xuất tại Nhật Bản, U2F là model tiêu chuẩn của piano Yamaha thuộc dòng U2, có màu đen bóng Akira (sử dụng công nghệ sơn gỗ đặc biệt của Nhật Bản), đàn Piano U2F là sự lựa chọn của khá nhiều người tiêu dùng trong nước hiện nay, sử dụng cho học tập và giải trí trong gia đình với mức giá phù hợp.\r\n\r\nDòng U2 sở hữu chiều cao là 127cm, đàn Piano Yamaha U2F rất phù hợp cho người mới chơi đàn piano. Ngoài giai điệu trong sáng, thanh cao, đàn Piano U2F còn sở hữu vẻ đẹp từ gỗ gụ sơn đen bóng sang trọng, tạo nên sự ấn tượng sâu sắc cho căn phòng của bạn.', NULL, 'Piano-Yamaha-U2F-205x205', '0000-00-00', 27, NULL, 0, 9, 1),
(26, 1, 'Piano Yamaha U2G', '70000000', 'Đàn piano Yamaha U2G là model tiêu chuẩn của Piano Yamaha dòng U2, có màu đen ánh sáng Akira (công nghệ sơn gỗ đặc biệt của Nhật Bản), Đàn piano Yamaha U2G là sự lựa chọn của khá nhiều người tiêu dùng trong nước hiện nay.\r\n\r\nVới chiều cao tiêu chuẩn của dòng  Piano Yamaha U2 là 127cm, đàn Piano Yamaha U2H rất phù hợp cho người mới chơi đàn. Ngoài giai điệu trong sáng, Piano Yamaha U2G còn sở hữu vẻ đẹp từ gỗ gụ đánh bóng sang trọng, tạo nên sự ấn tượng cho căn phòng của bạn.', NULL, 'Piano-Yamaha-U2G-205x205', '0000-00-00', 24, NULL, 0, 0, 1),
(27, 1, 'piano yamaha u3a', '72000000', 'Đàn Piano Yamaha U3A là dòng sản phẩm mang đậm chất cổ điển của Yamaha.\r\nPiano Yamaha U3A đã là một đối thủ cạnh tranh lâu dài trong kinh doanh piano trong nhiều thập kỷ. Các thiết kế của cây đàn piano này đã đứng trước thử thách của thời gian . Piano Yamaha U3A là sự lựa chọn hoàn hảo cho không gian nhà, nhà thờ, hoặc trong phòng thu. Là một trong những cây đàn piano nổi tiếng trên thế giới.\r\n\r\nVới công nghệ ngày càng phát triển trong lĩnh vực kỹ thuật, thiết kế và kinh nghiệm. Dòng U đã và luôn là sự chọn lựa sáng giá của những người yêu thích piano, nghệ sĩ, nhạc sĩ và trường nhạc. Giờ đây, dòng U lại có những bước cải tiến mới cho âm thanh tuyệt vời hơn bao giờ hết.\r\n\r\nCải tiến trong thiết kế kích thước và khung sườn đàn :\r\n\r\nĐàn Piano Yamaha U3A chiều cao đến 131 cm tạo ra khoang âm thanh rộng hứa hẹn đem lại cho người dùng âm thanh đúng chuẩn của Piano Yamaha .Cấu trúc sườn đặc biệt tạo nên sự mạnh mẽ hơn cho Soundboard của đàn, trong khi đó, những cột trụ lưng đàn có những cải tiến nhằm tăng độ chắc chắn, tính cộng hưởng cho âm thanh đúng chuẩn của Piano Yamaha\r\n\r\nCải tiến trong thiết búa đàn:\r\n\r\nBúa đàn của dòng U3A YAMAHA được chọn lọc rất đặc biệt để sản sinh cho từng model những tiếng đàn tối ưu, độ nhạy của phím và độ bền cao.\r\n\r\nCải tiến mặt âm cho âm thanh chuẩn và sâu hơn\r\n\r\nSoundboard co giãn và thùng đàn lớn 131 cm là những đặc điểm làm cho âm thanh được mạnh mẽ hơn trong phạm vi rộng với tiếng đàn vô song và cảm giác búa đàn huyền thoại của Yamaha. Với hệ thống Floating Support, soundboard có khả năng tạo độ rung nhiều hơn, làm tăng thêm độ sâu và cá tính cho tiếng bass và mid.\r\nSpruce Soundboard Piano Yamaha U3A\r\n\r\nTại nhà máy gỗ Yamaha và cơ sở chế biến gỗ, vân sam tốt nhất là quarter sawn và ít hơn 10% của tổng số đó được lựa chọn và dành cho soundboards đàn piano Yamaha. Vân sam rắn, chứ không phải là nhiều lớp vân sam hoặc gỗ mềm, là sự lựa chọn trong tất cả các cây đàn piano tốt cho sự khuếch đại của giai điệu âm thanh tốt nhất, và lâu dài.\r\n\r\nFull Length Ribs Piano Yamaha U3A\r\n\r\nYamaha củng cố crown trong soundboards của mình bằng cách sử dụng ribs tiếp tục cạnh của soundboard, và được dán vào lót hình chữ V (hoặc bên trong vành trên cây đàn piano). Tăng cường crown đảm bảo rằng chất lượng âm sẽ duy trì trong nhiều năm và cải thiện sự ổn định điều chỉnh.\r\n\r\nMetal Action Rails Piano Yamaha U3A\r\n\r\nKỹ thuật của Yamaha phát triển nhôm độc đáo Extruded Aluminum Alloy Action Rail (cấp bằng sáng chế Yamaha) là một trong những sáng kiến tốt nhất để cải thiện bộ máy piano trong vòng 100 năm qua. Thông thường biến động trong đường ray gỗ hiệu ứng cảm ứng, gây ra bởi thời tiết thay đổi định kỳ được loại bỏ, cho phép ổn định, kéo dài thời gian sử dụng thông thường của bộ máy.\r\n\r\nBalanced Action Piano Yamaha U3A\r\n\r\nMỗi phím đàn piano Yamaha được thử nghiệm và đo lường cho sự hiệu chỉnh cần thiết để có được thống nhất “giảm trọng lượng” áp lực. Bộ máy Yamaha chơi một cách chính xác và thống nhất. Cân bằng này giúp đảm bảo tuổi thọ của cảm ứng cao cấp và kiểm soát trên bàn phím.\r\n\r\nSpruce Keys Piano Yamaha U3A\r\n\r\nYamaha sử dụng Spruce cho các phím trên tất cả các mô hình cây đàn piano. Spruce là rất nhẹ và sở hữu một tỷ lệ rất cao sức mạnh để chịu lực. Đó là lý tưởng để xây dựng trọng điểm, mặc dù chi phí của nó là lớn hơn so với thông đường hoặc gỗ trầm. Yamaha bàn phím phản ứng nhanh chóng đáp ứng được sự lặp lại nhanh chóng cho các phần phức tạp nhất của âm nhạc. Yamaha bàn phím chịu được lực của những nét lướt mạnh trong những đoạn nhạc cực mạnh.', NULL, 'piano-yamaha-u3a-205x205', '0000-00-00', 10, NULL, 0, 2, 1),
(28, 1, 'Piano Yamaha U30A', '75000000', 'Với chiều cao 131cm, đàn piano Yamaha U30A có âm thanh quyến rũ, lôi cuốn sự hứng khởi của người chơi.  Âm thanh tự nhiên và vẻ đẹp lộng lẫy đàn piano Yamaha U30A thực sự là lựa chọn tuyệt vời cho bạn.\r\nĐàn Piano Yamaha U30A là sản phẩm được cải tiến từ dòng sản phẩm U series của Yamaha, với những thiết kế nổi bật và những đường cong làm tăng độ dài của dây đàn. Các chi tiết của sản phẩm được làm tỉ mỉ từ những người thợ thủ công Nhật Bản kết hợp với công nghệ tiên tiến tạo cho chiếc Piano có những đột phá mới trong âm thanh.\r\n\r\nPiano Yamaha U30A được làm từ gỗ gụ tự nhiên kết hợp với màu sơn sáng bóng mang đến cho ngôi nhà của bạn sự sang trọng lịch lãm.', NULL, 'Piano-Yamaha-U30A-205x205', '0000-00-00', 12, NULL, 0, 1, 1),
(29, 1, 'piano yamaha ux3', '80000000', 'Piano Yamaha UX3 là sản phẩm nổi bật của dòng đàn piano Yamaha UX. Chỉ đứng sau UX5, piano Yamaha UX3 được thiết kế và phát triển trên nền tảng của piano Yamaha UX, dòng đàn piano cho âm thanh dày, quyến rũ và có chiều sâu. Với thiết kế cách điệu trên tấm chắn đứng phía trên tạo cho piano Yamaha UX3 âm thanh bay bổng hơn nhờ tính toán thoát tiếng và độ cao 131cm của đàn. Yamaha UX3 cũng thừa hưởng thiết kế khung đàn chữ X phía sau của dòng UX tạo độ chắc chắn và đặc sắc của dòng đàn này.\r\n\r\n', NULL, 'piano-yamaha-ux3-205x205', '0000-00-00', 15, NULL, 0, 0, 1),
(30, 1, 'Piano Yamaha UX30A', '95000000', 'Piano Yamaha UX30A là một trong những sản phẩm cao cấp nhất của dòng đàn “X series” được sản xuất tại Nhật Bản. Đây là sản phẩm xuất sắc của Yamaha.\r\n\r\nCây đàn mang tính mẫu mực về âm thanh và thiết kế.\r\n\r\nYamaha đã mang những chuẩn mực khắt khe về chất liệu để sản xuất ra cây đàn. Gỗ sử dụng cho UX30A được xử lý theo quy trình nghiêm ngặt để sản xuất cho dòng đàn cao cấp. Nhờ vậy mà bảng phát âm (soundboard) có được những phẩm chất để cho ra âm sắc hay nhất. Khung kim loại căng dây đàn được chế tạo cách đặc biệt theo tiêu chuẩn cao cấp của dòng X series cho khả năng chịu lực cao và khả năng truyền âm đến soundboard tốt nhất.\r\n\r\nPhần khung gỗ bên ngoài cũng vậy, thừa hưởng từ thiết kế của dòng X series với mặt khung sau hình chữ “X” cho khả năng ổn định giúp cho cây đàn cứng cáp và mạnh mẽ, nhờ đó các bộ phận bên trong được bảo vệ cách tốt nhất.', NULL, 'Piano-Yamaha-UX30A-205x205', '0000-00-00', 18, NULL, 0, 0, 1),
(31, 1, 'Piano yamaha ux', '57000000', 'Đàn piano Yamaha UX được sản xuất vào khoảng năm 1975-1980 với số serial dao động vào khoảng 2.000.000 – 3.200.000 (xem thêm năm sản xuất của đàn piano Yamaha).\r\n\r\nĐàn piano Yamaha UX có khá nhiều cải tiến đối với cây đàn upright so với các model đàn piano trước đó như khung đàn được chế tạo hình chữ X, thiết kế tinh xảo để cải thiện hiệu suất âm thanh, vật liệu sản xuất đàn được tiêu chuẩn hóa theo tiêu chuẩn quốc tế, nắp phím đàn được chế tạo rộng rãi hơn thuận tiện trong việc đặt nhiều sheet nhạc. Tất cả làm nên một cây đàn piano tuyệt vời từ kiểu dáng sang trọng, tinh tế tới âm thanh mẫu mực của dòng upright.', NULL, 'Piano-yamaha-ux-205x205', '0000-00-00', 20, NULL, 0, 1, 1),
(32, 1, 'piano yamaha w103', '49500000', 'Đàn Piano Yamaha W103 thuộc dòng sản phẩm thiết kế cổ điển của thương hiệu Yamaha, với đặc trưng màu gỗ sang trọng, rất thích hợp cho các không gian nhà sử dụng nội thất gỗ đồng bộ.\r\n\r\nPiano Yamaha W103 thuộc W-Series của thương hiệu đàn piano Yamaha, là những cây đàn có thiết kế màu gỗ đặc trưng. Sở hữu thiết kế thuộc dạng cổ điển nhưng cây đàn lại là một trong những cây đàn có chất âm thanh trầm ấm và chi tiết, rất phù hợp với xu hướng âm nhạc hiện nay.  Đây là một trong những sự lựa chọn mua đàn piano phục vụ việc học và giải trí với đàn của nhiều người chơi yêu thích sự cổ điển.', NULL, 'piano-yamaha-w103-205x205', '0000-00-00', 20, NULL, 0, 0, 1),
(33, 1, 'Piano Yamaha W106', '64000000', 'Dòng piano yamaha W là chữ viết tắt của Wood (Gỗ), màu sắc đặc trưng của dòng này là màu vân Gỗ, bóng mờ hoặc bóng kính. Được sản xuất hoàn toàn thủ công bởi những nghệ nhân Nhật Bản. Đàn Piano yamaha W106 với thiết kế rất tinh tế mang đậm phong cách châu âu sẽ làm cho ngôi nhà bạn thêm đẹp , trang trọng và quý tộc.\r\n\r\nĐàn Piano Yamaha W106 được sản xuất từ những năm 1980, thời kỳ Yamaha đã đạt đến đỉnh cao trong lĩnh vực sản xuất đàn piano đăc biệt trong thời gian này sản lượng gỗ chất lượng cao phong phú được nhập khẩu từ Bắc Phi rất thích hợp cho đàn piano mà cho đến nay không có bất kỳ loại gỗ nào có thể thay thế.\r\nKhông những bị cuốn hút bởi âm thanh trong sáng bay vút mà đàn Piano yamaha W106 mang lại bởi kết cấu hộp âm đàn và khung đàn đều là gỗ thông bắc mỹ một loại gỗ huyền thoại .\r\n\r\nĐặc điểm đàn Piano Yamaha W106\r\n\r\n– Thùng đàn Piano Yamaha W106\r\nNhìn tổng quát thì thùng đàn Piano Yamaha W106 có hình dáng giống chiếc hợp được dựng đứng, với các đường cạnh được mài dũa rất cứng cáp. Ngoài ra, các cây đàn piano yamaha W106  đại đa số đều được phủ lớp sơn màu đen sáng bóng. Góp phần tôn lên vẻ đẹp sang trọng cho cây đàn piano yamaha W106. Đặc biệt hơn hết, thùng đàn là bộ phần nâng đỡ rất nhiều các bộ phận khác như khung đàn…Nó được làm từ một loại gỗ lớn họ thông.\r\n– Bộ Pedals đàn Piano Yamaha W106\r\nBộ Pedals có 3 bàn đạp với 3 chức năng khác nhau: soft pedal (hoặc una corda pedal) là giảm âm thanh, tiếp đến là sostenuto pedal là pedal duy trì và cuối cùng là damper pedal (hoặc sustain pedal) là pedal vang âm. Chất liệu của bộ Pedals được đúc từ hợp kim đồng nên rất chắc chắn và màu vàng sáng bóng tạo nên vẻ sang trọng hơn cho cây đàn piano.\r\n– Bộ máy đàn Piano Yamaha W106\r\nBàn phím đàn piano yamaha W106 gồm có tổng cộng 88 phím, được làm từ chất liệu Phenolic Resin.\r\nMáy đàn phía trong đàn là một tổ hợp liên kết của các bộ phận nhỏ lại với nhau. Nguyên lý hoạt động giống như đòn bẩy và đặc điểm dễ dàng nhận biết là búa đàn. Và điều lưu ý ở đây, hầu hết các chi tiết trong máy đàn đều được chế tạo thủ công và bằng gỗ nên rất nhảy cảm với nhiệt độ và độ ẩm.\r\n– Dây đàn Piano Yamaha W106\r\nDây đàn được chế tạo bằng thép cường độ cao hội tụ yếu tố dẻo dai, ít cacbon nhất, dây có đường kính khác nhau. Tổng số lượng dây đàn trên cây đàn piano W106 là 220 dây. Tương ứng với 4 kích thước khác nhau dùng trong các cung vực khác nhau.\r\n– Soundboard đàn Piano Yamaha W106\r\nSoundboard là một tấm gỗ lớn, mỏng, được đặt dưới dây đàn và kết nối thông qua ngựa đàn. Một số nhạc cụ khác cũng có soundboad như: violin, guitar…dựa vào con ngựa đàn ta sẽ nhận biết được vị trí soundboard nằm ở đâu.\r\nCác soundboard thường được làm từ gỗ họ thông như gỗ Vân Sam Sitka, độ dày của Soundboard vào khoảng ½ inch tương đương 1.27cm, rộng khoảng 4 – 6 inch tương đương 10.16 – 15.24cm và được ghép lại với nhau để tạo thành 1 tấm soundboard lớn.\r\nBảng cộng hưởng (Soundboard) bao gồm 2 bộ phận chính là: xương sườn (Ribs) và ngựa đàn (bridge).\r\nThông số kỹ thuật đàn Piano Yamaha W106\r\n– Kích thước:\r\n+ Chiều rộng: 153 cm\r\n+ Chiều cao: 131 cm\r\n+ Chiều ngang:   65 cm\r\n– Trọng lượng:  250 kg\r\n– Phím đàn:\r\n+ Số phím đàn: 88\r\n+ Chất liệu  phím: Phenolic Resin\r\n– Pedals: Soft Pedal, Mute Pedal, Damper Pedal\r\n– Nhà sản xuất: Yamaha', NULL, 'Piano-Yamaha-W106-205x205', '0000-00-00', 10, NULL, 0, 0, 1),
(34, 1, 'Yamaha U1G', '38000000', 'Đàn piano Yamaha dòng U upright từ lâu đã là một sự lựa chọn hàng đầu cho các tổ chức giáo dục, nhạc sĩ chuyên nghiệp và các nghệ sĩ piano.\r\nNhờ thiết kế toàn diện theo tiêu chuẩn quốc tế cải thiện hiệu suất âm, độ bền của piano. Là dòng đầu tiên đặt ra tiêu chuẩn thiết kế với các kiểu dáng sang trọng . Gỗ tự nhiên giúp chiếc Piano dễ dàng thích nghi với môi trường khí hậu hai mùa nóng ẩm của Việt Nam.\r\n\r\nĐàn piano Yamaha U1G\r\n\r\nLà một trong những sản phẩm phổ biến của dòng piano Yamaha U1, đàn piano yamaha U1G có màu đen, sáng bóng rất được ưa chuộng ở thị trường Việt Nam. Với khả năng thích nghi tốt với môi trường Piano Yamaha U1G cho bạn độ ổn định cao trong việc sử dụng cây Piano. Gía cả phải chăng là ưu điểm của chiếc đàn piano yamaha U1G.\r\n\r\nViệc sở hưu một chiếc Piano trong nhà đã trở nên phổ biến trong gia đình Việt. Ngày nay việc sắm một chiếc Piano đã trở thành một xu hướng đối với tầng lớp trí thức trong xã hội. Nếu muốn chọn một cây đàn phù hợp với túi tiền và không gian gia đình nhất. Chiếc Piano đã trở thành một vật dụng kết nối gia đình bạn trong những ngày nghỉ cuối tuần. Hãy đến với chúng tôi để nhận những tư vấn miễn phí về mua đàn Piano, học đàn piano, sử dụng và cách thức sử dụng đàn piano.', NULL, 'Yamaha-U1G-205x205', '0000-00-00', 24, NULL, 0, 7, 1),
(35, 1, 'Yamaha U3H', '48500000', 'Đàn Piano Yamaha dòng U3 từ lâu đã là một sự lựa chọn hàng đầu cho các tổ chức giáo dục, nhạc sĩ chuyên nghiệp, nghệ sĩ piano,người bắt đầu học piano và biểu diễn bán chuyên nghiệp ở Việt Nam. Hơn nữa, thương hiệu đàn piano Yamaha đã trở nên quen thuộc và uy tín đối với người tiêu dùng Việt Nam.\r\n\r\nĐàn Piano cơ Yamaha U3H – một trong những cây đàn piano được người tiêu dùng bình chọn, yêu thích nhất trong các loại đàn piano Yamaha.\r\n\r\nĐàn Piano Yamaha U3H có thiết kế sang trọng với màu đen bóng, phù hợp với mọi vật liệu nội thất trong nhà, khách sạn,… với âm thanh bay bổng và âm bass dày dặn đã tạo nên một cây đàn thật hoàn hảo. Với chiều cao 131cm, đàn piano Yamaha U3H cho kiểu dáng hài hòa, âm thanh vang hay với mọi diện tích phòng của bạn.\r\nSau đây là thông số kỹ thuật của đàn piano Yamaha U3H.\r\n\r\nNhà sản xuất: Yamaha\r\nMàu: Đen\r\nSố pedal: 03\r\nNăm sản xuất: 1975-1980\r\nTrọng lượng: 250 kg\r\nKích thước: Rộng (151cm) x Cao (131cm) x Sâu (63cm)\r\nBảo hành: 5 năm\r\nSản phẩm kèm theo: miễn phí vận chuyển tận nơi nội thành TP.HCM, tặng ghế, khăn phủ phím, khăn phủ đàn và ống sưởi.', NULL, 'Yamaha-U3H-205x205', '0000-00-00', 12, NULL, 0, 0, 1),
(36, 1, 'Yamaha U3M', '58000000', 'Piano Yamaha U3M Upright là sự lựa chọn hoàn hảo cho không gian nhà, trong phòng thu. Là một trong những cây đàn piano nổi tiếng trên thế giới. Nhờ thiết kế toàn diện theo tiêu chuẩn quốc tế cải thiện hiệu suất âm, độ bền của piano. Là dòng đầu tiên đặt ra tiêu chuẩn với các kiểu dáng sang trọng.', NULL, 'Yamaha-U3M-205x205', '0000-00-00', 18, NULL, 0, 0, 1),
(37, 1, 'Yamaha W106B', '64000000', 'Dòng piano yamaha W là chữ viết tắt của Wood (Gỗ), màu sắc đặc trưng của dòng này là màu vân Gỗ, bóng mờ hoặc bóng kính. Được sản xuất hoàn toàn thủ công bởi những nghệ nhân Nhật Bản. Đàn Piano yamaha W106 với thiết kế rất tinh tế mang đậm phong cách châu âu sẽ làm cho ngôi nhà bạn thêm đẹp , trang trọng và quý tộc.\r\n\r\nĐàn Piano Yamaha W106 được sản xuất từ những năm 1980, thời kỳ Yamaha đã đạt đến đỉnh cao trong lĩnh vực sản xuất đàn piano đăc biệt trong thời gian này sản lượng gỗ chất lượng cao phong phú được nhập khẩu từ Bắc Phi rất thích hợp cho đàn piano mà cho đến nay không có bất kỳ loại gỗ nào có thể thay thế.\r\nKhông những bị cuốn hút bởi âm thanh trong sáng bay vút mà đàn Piano yamaha W106 mang lại bởi kết cấu hộp âm đàn và khung đàn đều là gỗ thông bắc mỹ một loại gỗ huyền thoại .\r\n\r\nĐặc điểm đàn Piano Yamaha W106\r\n\r\n– Thùng đàn Piano Yamaha W106\r\nNhìn tổng quát thì thùng đàn Piano Yamaha W106 có hình dáng giống chiếc hợp được dựng đứng, với các đường cạnh được mài dũa rất cứng cáp. Ngoài ra, các cây đàn piano yamaha W106  đại đa số đều được phủ lớp sơn màu đen sáng bóng. Góp phần tôn lên vẻ đẹp sang trọng cho cây đàn piano yamaha W106. Đặc biệt hơn hết, thùng đàn là bộ phần nâng đỡ rất nhiều các bộ phận khác như khung đàn…Nó được làm từ một loại gỗ lớn họ thông.\r\n– Bộ Pedals đàn Piano Yamaha W106\r\nBộ Pedals có 3 bàn đạp với 3 chức năng khác nhau: soft pedal (hoặc una corda pedal) là giảm âm thanh, tiếp đến là sostenuto pedal là pedal duy trì và cuối cùng là damper pedal (hoặc sustain pedal) là pedal vang âm. Chất liệu của bộ Pedals được đúc từ hợp kim đồng nên rất chắc chắn và màu vàng sáng bóng tạo nên vẻ sang trọng hơn cho cây đàn piano.\r\n– Bộ máy đàn Piano Yamaha W106\r\nBàn phím đàn piano yamaha W106 gồm có tổng cộng 88 phím, được làm từ chất liệu Phenolic Resin.\r\nMáy đàn phía trong đàn là một tổ hợp liên kết của các bộ phận nhỏ lại với nhau. Nguyên lý hoạt động giống như đòn bẩy và đặc điểm dễ dàng nhận biết là búa đàn. Và điều lưu ý ở đây, hầu hết các chi tiết trong máy đàn đều được chế tạo thủ công và bằng gỗ nên rất nhảy cảm với nhiệt độ và độ ẩm.\r\n– Dây đàn Piano Yamaha W106\r\nDây đàn được chế tạo bằng thép cường độ cao hội tụ yếu tố dẻo dai, ít cacbon nhất, dây có đường kính khác nhau. Tổng số lượng dây đàn trên cây đàn piano W106 là 220 dây. Tương ứng với 4 kích thước khác nhau dùng trong các cung vực khác nhau.\r\n– Soundboard đàn Piano Yamaha W106\r\nSoundboard là một tấm gỗ lớn, mỏng, được đặt dưới dây đàn và kết nối thông qua ngựa đàn. Một số nhạc cụ khác cũng có soundboad như: violin, guitar…dựa vào con ngựa đàn ta sẽ nhận biết được vị trí soundboard nằm ở đâu.\r\nCác soundboard thường được làm từ gỗ họ thông như gỗ Vân Sam Sitka, độ dày của Soundboard vào khoảng ½ inch tương đương 1.27cm, rộng khoảng 4 – 6 inch tương đương 10.16 – 15.24cm và được ghép lại với nhau để tạo thành 1 tấm soundboard lớn.\r\nBảng cộng hưởng (Soundboard) bao gồm 2 bộ phận chính là: xương sườn (Ribs) và ngựa đàn (bridge).\r\nThông số kỹ thuật đàn Piano Yamaha W106\r\n– Kích thước:\r\n+ Chiều rộng: 153 cm\r\n+ Chiều cao: 131 cm\r\n+ Chiều ngang:   65 cm\r\n– Trọng lượng:  250 kg\r\n– Phím đàn:\r\n+ Số phím đàn: 88\r\n+ Chất liệu  phím: Phenolic Resin\r\n– Pedals: Soft Pedal, Mute Pedal, Damper Pedal\r\n– Nhà sản xuất: Yamaha', NULL, 'Yamaha-W106B-205x205', '0000-00-00', 20, NULL, 0, 2, 1),
(38, 1, 'Yamaha YUX', '71000000', 'Piano Yamaha YUX là dòng sản phẩm cao cấp của Yamaha, một trong những dòng Upright Piano được người dùng ưa chuộng nhất. Piano Yamaha YUX là chiếc đàn dành cho những người muốn có một sự mới mẻ cho cây đàn piano của mình.\r\nNhững cây đàn piano “X” series của Yamaha có sự cải thiện đáng kể so với dòng U series mang đến cho bạn cây đàn piano có âm thanh tốt nhất.\r\n\r\nÂm thanh của YUX trong sáng, thanh thoát ở những note cao bổng; bass có độ dày, trầm và ấm. Khung đàn được làm hình chữ X chắc chắn và sang trọng. đàn thích hợp đặt ở phòng khách lớn, quán bar và những nơi sang trọng.', NULL, 'Yamaha-YUX-205x205', '0000-00-00', 15, NULL, 0, 0, 1),
(39, 2, 'Casio AP 26', '7800000', 'Casio AP-26 là một cây đàn piano điện hoàn hảo. Sở hữu một bộ âm thanh stereo mẫu bao gồm các dạng âm riêng biệt khi gõ phím đàn nhẹ hay mạnh, làm nổi bật sự khác biệt giữa các âm thanh được tạo ra bởi mỗi phong cách chơi khác nhau.\r\n\r\nPhím đàn được thiết kế cho một cảm giác nặng hơn với trình độ thấp và một cảm giác nhẹ hơn với trình độ cao, khi chơi giúp người chơi có cảm giác tương tự như của một piano cơ. Phím đàn không sử dụng lò xo, và hoạt động của nó được cung cấp sức nặng của búa làm cho cây đàn piano có cảm giác chân thật.\r\nThiết kế của piano điện Casio AP-26 với màu gỗ sồi giúp không gian trở nên sang trọng hơn. Sản phẩm đàn piano điện này phù hợp cho nhu cầu gia đình, phòng trà, nhà hàng sang trọng dùng để bày trí hoặc có thể dùng chúng tạo nên không gian thoải mái và trầm lắng xung quanh.', NULL, 'Casio-AP-26-205x205', '0000-00-00', 20, NULL, 0, 0, 1),
(40, 2, 'Casio PX 720', '8500000', 'Piano điện Casio PX-720 cho âm sắc và khả năng trình diễn giống như đàn grand piano.\r\n\r\nCasio PX-720 có hệ âm sắc tối đa 128 nốt. Âm sắc thế hệ mới cho tiếng piano cơ và biểu cảm. Thế hệ âm thanh mới AIF cho chất lượng âm thanh và khả năng trình diễn giống như chơi trên một cây đàn grand piano.', NULL, 'Casio-PX-720C-205x205', '0000-00-00', 15, NULL, 0, 1, 1),
(41, 2, 'Piano dien Kawai CN-21', '12000000', 'Kawai CN-21 là dòng piano điện thế hệ mới của hãng Kawai với thiết kế mới, chất lượng cao, tăng cường tính chắc chắn, bàn phím được nâng cấp, hệ thống loa âm thanh uy lực hơn.\r\n\r\nKawai CN-21 được trang bị thế hệ âm thanh mới nhất Harmonic Imaging II được tái tạo từ âm sắc piano tuyệt hảo từ đàn đại dương cầm KAWAI EX. Hệ thống action của bàn phím AHA IV-E được cải thiện trong đàn piano Kawai CN-21 cho bạn cảm giác phím trung thực hơn.\r\n\r\nPedal của Kawai CN-21 được trang bị chức năm pedal một nửa (half-pedal).\r\n\r\nChức năng thực hành các bài học cũng được trang bị trên đàn từ sách học đàn nổi tiếng Alfred.', NULL, 'cn21c-205x205', '0000-00-00', 20, NULL, 0, 0, 1),
(42, 2, 'Kawai CA 91', '12000000', 'Piano điện Kawai CA-91 là piano điện đầu tiên có bảng phát âm (soundboard) làm bằng gỗ thông vân sam giống như đàn piano cơ.\r\nĐặc điểm nổi trội của CA-91 Concert Artist là cuộc cách mạng của hệ thống loa từ bảng phát âm mang thương hiệu Kawai. Bảng phát âm được làm từ gỗ tự nhiên tái tạo trung thực âm sắc ấm áp và tự nhiên của một cây đàn cơ. Các kỹ sư của Kawai mất 4 năm để nghiên cứu ra hệ thống này.\r\n\r\nPiano điện Kawai CA-91 có âm trầm rất quyến rũ với độ sâu và dày điển hình của đàn grand piano cơ mà hệ thống loa thông thường không thể chuyển tải được.', NULL, 'Kawai-CA-91-205x205', '0000-00-00', 17, NULL, 0, 0, 1),
(43, 2, 'Kawai CN 22C', '22000000', 'Kawai CN-22 trang bị hệ tiếng piano lấy mẫu Harmonic Imaging mới nhất. Đây là cây đàn piano điện có hệ tiếng rất hay của Kawai.\r\n\r\nĐàn được thiết kế nhỏ gọn (compact) nhưng vẫn phát huy được đầy đủ tính năng của cây piano điện cao cấp.', NULL, 'Kawai-CN-22C-205x205', '0000-00-00', 25, NULL, 0, 0, 1),
(44, 2, 'Kawai PW 750', '10000000', 'Là một trong những cây đàn piano hấp dẫn nhất từng được thực hiện bởi Kawai. Đàn Piano điện Kawai PW-750 có vóc dáng mạnh mẽ, đương đại, thu hút được nhiều chú ý từ bất cứ nơi nào bạn đặt nó.\r\nĐàn Piano điện Kawai PW-750 được trang bị một màn hình hiển thị kỹ thuật số, 3pedals, chức năng ghi âm và phát lại những bản nhạc đã chơi.\r\n\r\nĐiều làm cho đàn piano này trở nên đặc biệt là Đàn Piano điện Kawai PW-750 có phím bằng gỗ thiên nhiên. Trong khi hầu hết các loại đàn piano điện khác có phím bằng nhựa. Các phím bằng gỗ bảo đảm sẽ tạo ra cho người chơi những cảm ứng tự nhiên và cảm nhận tuyệt vời trong khi chơi đàn piano điện Kawai PW-750.', NULL, 'Kawai-PW-750-205x205', '0000-00-00', 12, NULL, 0, 0, 1),
(45, 2, 'Korg FC 500', '15000000', 'Bán đàn piano điện Korg FC-500 giá rẻ tại TPHCM, âm thanh hay đặc biệt là tiếng piano, đàn có chức năng trộn hai âm sắc và nhiều hiệu ứng âm thanh.', NULL, 'Korg-FC-500-205x205', '0000-00-00', 24, NULL, 0, 0, 1),
(46, 2, 'Piano Casio AP 30', '9000000', 'Piano điện Casio AP-30', NULL, 'Piano-Casio-AP-30-205x205', '0000-00-00', 20, NULL, 0, 0, 1),
(47, 2, 'Piano Casio AP 65R', '22000000', 'Piano điện Casio AP-65R sử dụng công nghệ mô phỏng bàn phím kiểu búa gõ tự nhiên giống như đàn grand piano. Các nốt ở phần thấp của bàn phím sẽ có độ nặng nhiều hơn các nốt ở phần cao giống như bàn phím của đàn piano cơ.\r\n\r\n', NULL, 'Piano-Casio-AP-65R-205x205', '0000-00-00', 10, NULL, 0, 1, 1),
(48, 2, 'Piano Casio PX 700', '8000000', 'Piano điện Casio PX-700 có thiết kế nhỏ gọn, linh hoạt, là sản phẩm đáp ứng nhu cầu luyện tập. học piano dành cho nguời mới bắt đầu hoặc những trung tâm lớp nhạc bởi những điểm mạnh về kinh tế và sự tiện ích.\r\nĐặc điểm nổi bật của piano điện Casio PX-700\r\n\r\n– Sử dụng nguồn âm Linear Morphing System AIF mô phỏng âm thanh lớn hơn, có độ mạnh và nhẹ một cách tự nhiên hơn. Nó thường được dùng cho những buổi hòa nhạc nổi tiếng trong cây đàn Grand Piano, bên cạnh đó, công nghệ morphing được dùng để thay đổi âm thanh của các note để tạo nên sự liên tục. Kết quả là sẽ có sự chuyển đổi một cách êm ái, nhẹ nhàng và hoàn toàn tự nhiên từ nhẹ sang mạnh đem lại sự diễn đạt hoàn hảo mà điều đó rất khó có được khi chơi với một piano điện thông thường.\r\n\r\n– Bộ cảm biến Tri-sensor Scaled Hammer Action Keyboard cải tiến kết hợp 3 trong 1 cho bạn được cảm giác như đang chơi một cây Grand Piano. Với bàn phím nặng cho những nốt trầm và nhẹ cho những nốt cao tạo cảm giác như chơi đàn thật. Hoạt động của phím áp dụng theo nguyên tắc của bộ máy đàn Grand Piano bằng việc sử dụng chức năng của các đầu cần (các búa gõ trong đàn piano)\r\n\r\n– Đặc biệt , Piano điện Casio PX-700 còn có chế độ  Duet mode  cho phép hai người chơi đàn cùng một lúc ở hai khoảng của đàn mà không ảnh hưởng gì đến chất lượng của bài học. Rất hiệu quả cho hai người muốn giao lưu tập luyện cùng nhau.', NULL, 'Piano-Casio-PX-700-205x205', '0000-00-00', 9, NULL, 0, 1, 1),
(49, 2, 'Piano Casio PX 735', '28000000', 'Piano điện Casio PX-735 có hàng loạt các tính năng tuyệt vời với công nghệ âm thanh tiên tiến và thiết kế mang tính đột phá.\r\nMột số tính năng khác của đàn Piano điện Casio PX-735\r\n\r\n– Số phím: 88\r\n\r\n– Số tiếng đàn: 18 (piano, organ, violin, guitar, saxophone, trumpet…)\r\n– Số bài nhạc có sẵn: 60\r\n– Chức năng tự học: Cho phép tắt phía bên trái hoặc bên phải của bàn phím thuận lợi cho việc học\r\n– Chế độ cặp đôi: Chia đôi bàn phím như 2 chiếc piano độc lập, thích hợp cho giáo viên và người học chơi đàn cùng với nhau chia đôi bàn phím như 2 chiếc piano độc lập\r\n– Đầu thu: Ghi âm và phát lại những gì đã chơi\r\n– Cổng USB: Giúp dễ dàng giao tiếp với máy tính\r\n– Giao tiếp MIDI: Có thể giao tiếp với các nhạc cụ hay thiết bị MIDI khác\r\n– Nguồn âm AIF (Acoustic and Intelligent Filtering system): Công nghệ xử lý mới nhất tạo ra âm thanh tự nhiên và chân thật, cảm giác như đang nghe những nhạc cụ acoustic.\r\n– Phím phân bổ độ nặng: Nặng hơn ở những nốt trầm và nhẹ hơn ở những nốt cao, cảm giác như chơi đàn piano.\r\n– Hiệu ứng vang âm dương cầm: Tái tạo hiệu ứng vang âm như đàn dương cầm\r\n– Phản ứng với cường độ va chạm: Giống với Piano dây, keyboard cho lớn tiếng khi nhấn mạnh và nhỏ tiếng khi nhấn nhẹ\r\n– Bộ nhớ: Mọi thiết lập đều có thể lưu lại\r\n– Chức năng khóa: Có thể khóa những thiết lập để tránh những thay đổi ngoài ý muốn', NULL, 'Piano-Casio-PX-735-205x205', '0000-00-00', 15, NULL, 0, 0, 1),
(50, 2, 'Piano dien Casio AP 45', '10000000', 'Piano Casio AP-45 không chỉ cải thiện về kiểu dáng mà còn cả chất lượng âm thanh mang đến cho người chơi, người nghe những xúc cảm. Các sản phẩm của Casio đều hướng tới sự tiện dụng. Với mức giá hợp lí Casio đặc biệt Casio AP-45 luôn được khách hàng ưa chuộng.\r\n\r\nĐàn piano điện Casio AP-45 nổi bật với hệ thống âm thanh tinh tế, màu sáng thanh lịch, có giá bán rẻ phù hợp với người mới học đàn như học sinh.', NULL, 'Piano-dien-Casio-AP-45-205x205', '0000-00-00', 15, NULL, 0, 0, 1),
(51, 2, 'Piano dien Casio PS 3000', '9000000', 'Trang chủ » Sản phẩm » Piano điện Casio PS-3000\r\n\r\n\r\nPiano điện Casio PS-3000\r\n9,000,000 đ\r\n10,000,000 đ\r\n71 Xuân Hồng, P.12, Q.Tân Bình, TP.HCM\r\n624 Điện Biên Phủ, P.11, Quận 10, TP.HCM\r\nHotline: 0988 019 900 – 0906 680 608\r\nPiano điện Casio PS-3000 là piano điện có kiểu dáng nhỏ gọn, phù hợp với không gian hẹp nhưng vẫn đáp ứng được nhu cầu tập luyện và giải trí.\r\nKiểu dáng của Casio PS-3000 được thiết kế tinh tế với gam màu vàng nhạt sáng.\r\n\r\nBảo hành 12 tháng\r\nNhà sản xuất: Casio\r\nNăm sản xuất: 2006\r\nXuất xứ: Nhật Bản\r\nTặng ghế và miễn phí vận chuyển trong nội thành TP.HCM\r\nLiên hệ: 0988 019 900', NULL, 'Piano-dien-Casio-PS-3000-205x205', '0000-00-00', 12, NULL, 0, 0, 1),
(52, 2, 'Piano dien Casio PX 750', '27000000', 'Piano điện Casio PX-750 cải tiến với nhiều công nghệ mới, được phát triển bởi Casio thể hiện sự kỹ lưỡng đến từng chi tiết trong việc thể hiện những âm sắc cộng hưởng phong phú vốn có của đàn piano acoustic, kết hợp thiết kế phủ gỗ thông màu trắng sáng cho không gian sang trọng.\r\nĐặc điểm nổi bật đàn Piano điện Casio PX-750\r\n\r\n– Nguồn âm thanh thế hệ mới AiR cho nhiều mẫu âm chất lượng\r\n\r\n– Hệ thống búa thế hệ II âm vang độc đáo của Grand Piano\r\n\r\n– Mô phỏng cộng hưởng âm thanh của dây đàn Grand Piano\r\n\r\n– Thể hiện chính xác thời gian nhấn và thả của ngón tay trên phím đàn\r\n\r\n– Phím đàn với chất liệu tương tự gỗ mun với 4 mức điều chỉnh cho nặng nhẹ\r\n\r\n– Tích hợp 60 bài học Piano cho người không chuyên và chuyên nghiệp\r\n\r\n– Thu âm 5.000 nốt nhạc dễ dàng lưu trữ các tác phẩm biểu diễn.', NULL, 'Piano-dien-Casio-PX-750-205x205', '0000-00-00', 20, NULL, 0, 0, 1),
(53, 2, 'Piano dien Casio PX 760', '13000000', 'Đàn piano điện Casio PX-760 mang thiết kế gọn, nhẹ của dòng piano điện Privia Casio, khiến PX-760 trở thành cây đàn piano điện dành cho học tập, giải trí, áp dụng cho những không gian linh hoạt.\r\n1. Các tính năng nổi trội trên piano điện PX-760\r\n– Nguồn âm thanh Morphing AiR đa chiều\r\n\r\n– Bàn phím hoạt động đầu cần ba cảm biến II mới phản ứng bằng cách kết hợp một hệ thống với 3 cảm ứng dò chạm bàn phím liên tiếp\r\n\r\n– Phím đàn Mô phỏng mun đen và trắng ngà mang lại cảm giác và cảm nhận bề mặt sang trọng cũng như mượt mà khi chạm vào bàn phím đại dương cầm\r\n\r\n– Cộng hưởng damper có 4 mức độ điều chỉnh\r\n\r\n2. Piano điện privia PX-760 với các tính năng linh hoạt\r\n– 18 âm sắc chất lượng cao, bao gồm các âm của đại dương cầm được lấy mẫu theo kiểu âm thanh nổi\r\n\r\n– Các hiệu ứng kỹ thuật số: âm vang (4 kiểu), hợp xướng (4 kiểu), sáng, DSP (cài sẵn một số âm)\r\n\r\n– Tính năng bài học sử dụng 60 bài hát trong Thư viện nhạc cộng thêm 10 bài hát do người chơi cài đặt vào\r\n\r\n– Hai nút GRAND PIANO và nút ELEC PIANO để truy cập ngay lập tức\r\n\r\n– Thiết bị ghi: 2 bè x 1 bài, khoảng 5.000 nốt nhạc\r\n\r\n– Cổng ổ đĩa flash USB\r\n\r\n– TỰ ĐỘNG TẮT NGUỒN Tiết kiệm điện', NULL, 'Piano-dien-Casio-PX-760-205x205', '0000-00-00', 17, NULL, 0, 0, 1),
(54, 2, 'Piano dien Kawai CA 1000', '12000000', 'Piano điện Kawai CA-1000 GP là dòng sản phẩm cao cấp của thương hiệu piano điện Kawai. Được sản xuất vào năm 2008 tại Nhật Bản, Kawai CA-1000 GP hội tụ đầy đủ những công nghệ để tạo nên một cây piano điện đẳng cấp rất cao. Âm sắc của CA-1000 GP giống với tiếng của đàn grand piano hơn bao giờ hết.\r\n\r\nThiết kế của đàn CA-1000 GP rất tinh tế với màu gỗ bóng, có hai chân phía trước, giá sách mô phỏng theo kiểu của đàn grand piano.\r\n\r\nĐây là dòng sản phẩm rất độc đáo, đúng phong cách là piano điện sản xuất tại Nhật.', NULL, 'Piano-dien-Kawai-CA-1000-205x205', '0000-00-00', 15, NULL, 0, 0, 1),
(55, 2, 'Piano dien Kawai L5', '13000000', 'Piano điện Kawai L5 có thiết kế gọn nhẹ, màu vàng gỗ tự nhiên tinh tế, là cây đàn phù hợp cho thành viên có nhu cầu học tập, luyện ngón. Cũng như phù hợp cho người chơi có không gian nhỏ hẹp, đặc biệt các bạn sinh viên ở thuê hay có kinh tế thấp thì chọn Kawai L5 là một sự lựa chọn sáng suốt và hoàn hảo.\r\nKawai L5 được sản xuất vào tháng 5 năm 2008, là model khởi động lại danh tiếng cho dòng piano điện “L” của Kawai. Nó được trang bị hệ thống phím cảm ứng bằng gỗ như piano acoustic thứ thiệt, có chiều cao như cây piano acoustic, nhưng được thu gọn phù hợp cho mọi không gian.\r\n\r\nMột số đặc điểm nổi bật của piano điện Kawai L5\r\n\r\n– Mang đầy đủ đặc điểm truyền thống của dòng L series Kawai là nhỏ gọn, hiện đại\r\n\r\n– Có tính năng touch – cảm ứng như cây đàn piano gỗ thứ thiệt cùng với hệ thống AWA\r\n\r\n– Được đặt cân bằng 4 loa bass treble 13cm trong hộp đảm bảo mang lại chất lượng âm thanh phong phú\r\n\r\n– Sử dụng bộ lọc kỹ thuật số cho gia điệu mượt mà\r\n\r\n– 88 phím chuẩn bằng gỗ như cây đại dương cầm chuyên nghiệp\r\n\r\n– Ghi âm, kết nối thiết bị ngoài, tiêu thụ điện năng ít.', NULL, 'Piano-dien-Kawai-L5-205x205', '0000-00-00', 15, NULL, 0, 0, 1),
(56, 2, 'Piano dien Kawai PN 2C', '10000000', 'Kawai PN-2 được thiết kế nhỏ gọn, kiểu dáng nhỏ nhắn nhưng vững chắc với âm thanh đậm chất trung thực đặc trưng của dòng piano điện Kawai.\r\nVới bàn phím Hammer Piano điện KAWAI PN-2 tạo cho bạn một cảm giác rất nhẹ nhàng khi sử dụng. Hệ thống âm thanh với công nghệ PW cho âm thanh sắc nét, rõ ràng.\r\n\r\nThông số của đàn piano điện Kawai PN-2:\r\n88 phím bàn phím nâng cao Hammer hành động IV\r\n15 nhạc chuông\r\n96 âm sắc, âm thanh\r\nTổng công suất lưu trữ Khoảng 7.500 âm thanh ghi âm\r\nDamper pedal, mềm mại, sostenuto\r\nHiệu ứng reverb × 3 loài\r\nChức năng kép âm thanh, tùy chọn chuyển vị, điều chỉnh, nhịp\r\n40 bài hát chọn lọc từ các buổi hòa nhạc chất lượng\r\nCó cổng MIDI (IN / OUT)\r\nCông suất 16W x 2\r\nLoa 12cm × 2\r\nMức điện áp AC100V, 50 / 60Hz\r\n45W điện năng tiêu thụ\r\nGỗ anh đào, cẩm lai( PN2C)\r\nCó phụ kiện, tai nghe\r\nKích thước / Trọng lượng 139W x 42.5D × 82H (cm) /39.5kg', NULL, 'Piano-dien-Kawai-PN-2C-205x205', '0000-00-00', 15, NULL, 0, 0, 1),
(57, 2, 'Piano dien Kawai PW 700', '8500000', 'Đàn còn rất đẹp, âm thanh hay, các chức năng hoạt động tốt không khác gì một cây đàn mới.\r\nĐàn piano điện Kawai PW-700 được thiết kế hiện đại đáp ứng cho cả âm nhạc cổ điển và hiện đại. Mỗi cây đàn piano kawai được tạo ra từ các thợ thủ công kiên nhẫn, sáng tạo và tỉ mỉ. Bằng đôi bàn tay khéo léo họ đã bắt đầu từ những chất liệu tốt nhất để làm nên cây đàn piano tốt nhất. Nhưng chính tình yêu và đam mê mới làm cho cây đàn piano thể hiện được những cung bậc âm thanh thú vị của cuộc sống.', NULL, 'Piano-dien-Kawai-PW-700-205x205', '0000-00-00', 22, NULL, 0, 1, 1);
INSERT INTO `dt_product` (`id`, `category_id`, `name`, `price`, `desc`, `detail`, `img_url`, `create_at`, `qty`, `note`, `sold`, `view`, `active`) VALUES
(58, 2, 'Piano dien Kawai PW 900', '12000000', 'Piano điện Kawai PW-900 có kiểu dáng mạnh mẽ của dòng đàn Kawai PW series với hai chân được thiết kế phía trước. Âm thanh chất lượng cao, đặc biệt là tiếng trầm nghe rất dày nhờ hệ thống loa công suất lớn. Phím đàn được làm bằng gỗ giống piano cơ nên độ touch của phím rất thật.', NULL, 'Piano-dien-Kawai-PW-900-205x205', '0000-00-00', 15, NULL, 0, 0, 1),
(59, 2, 'Piano dien Kawai PW 950', '12000000', 'Đàn piano điện Kawai PW-950 sử dụng bàn phím gỗ như piano cơ, cho nhạc công cảm giác như đang chơi trên cây đàn piano cơ thứ thiệt. Hơn thế nữa, không chỉ về cấu trúc, Kawai PW-950 có âm sắc của piano cơ, nhất là khi đánh mạnh phần bass thì tiếng đàn rền vang mà nhiều thành viên lầm tưởng là piano cơ.\r\n\r\nPiano điện Kawai PW-950 là sự lựa chọn hoàn hảo cho những ai muốn sở hữu cây đàn piano cơ để luyện tập nhưng chưa có điều kiện.', NULL, 'Piano-dien-Kawai-PW-950-205x205', '0000-00-00', 20, NULL, 0, 0, 1),
(60, 2, 'Piano dien Kawai PW 970', '18000000', 'Piano điện Kawai PW-970 được thiết kế với kiểu dáng mạnh mẽ, sắc sảo mang đặc trưng của đàn piano điện Kawai.\r\nVới hệ thống loa được chú trọng về âm sắc và công suất, Kawai PW-970 cho âm thanh tuyệt vời, mang lại cảm giá phấn khởi trong luyện tập cũng như nhu cầu giải trí tại nhà.\r\n\r\nThông số cơ bản của đàn piano điện Kawai PW-970\r\n\r\n– 88 phím gỗ (phím nặng) cho lực gần giống như piano cơ\r\n– 3 pedal\r\n– Bộ tiếng: Grand Piano, Melow piano, Rock piano, Bright piano, Electric piano1, E.P 2, Church Ogan1,2, Jazz Organ1,2(Pedal trái cho hiệu ứng Rung Roya), Vibraphone 1,2, String 1,2, Choir, Fantasy, Bass, Bass+ride, Electric bass.\r\n– Mỗi tiếng có 4 Voicing cho 4 loại khác nhau: Nomal,melow,Dynamic,Bright\r\n–  Cảm ứng va chạm với bàn phím có 5 level: medium, hard1,2, melow1,2\r\n–  Bright (Độ sáng tối của âm sắc): 12 level\r\n–  Chức năng Spit chia bàn phím và Dual kẹp tiếng.\r\n–  Metronome (máy đánh nhịp)\r\n–  Mỗi tiếng có nhiều Demo và có chức năng Magic Keyboard\r\n–  Reverb, Effect các kiểu cho mỗi tiếng\r\n–  Tranpose cho các bác ngại chơi nhiều dấu hoá nhé.\r\n–  2phone out, Midi in,out,thru, Stereo in (cắm iphone hay máy nghe nhạc, laptop vô là nghe nhạc vi vu với dàn loa kiểm âm của đàn nhé, tha hồ tập với playback)', NULL, 'Piano-dien-Kawai-PW-970-205x205', '0000-00-00', 30, NULL, 0, 0, 1),
(61, 2, 'Piano dien Kor C 56', '8500000', 'Piano điện Korg C-56 do hãng Korg sản xuất tại Nhật Bản cho chất lượng âm thanh hay và độ bền cao.', NULL, 'Piano-dien-Korg-C-56-205x205', '0000-00-00', 17, NULL, 0, 0, 1),
(62, 2, 'Piano dien Korg C 2200', '10000000', 'Đàn piano điện Korg C-2200 có thiết kế nhỏ gọn mang nét hiện đại, kích thước vừa phải, không nhỏ cũng không quá to. Đàn piano điện Korg C-2200 có âm sắc piano khá thật, đặc biệt với các tiếng rhose piano, dùng để chơi smooth hoặc funky khá hay.\r\n\r\nThông số đàn piano điện Korg C-2200\r\n\r\n–  88 Phím nặng\r\n\r\n– 8 voice\r\n\r\n– 3 Pedal\r\n\r\n– Metronome (bộ gõ giữ nhịp)\r\n\r\n– Transpose (lên xuống tone)\r\n\r\n– Rec/Play (Thu âm và phát lại bài vừa đánh)\r\n\r\n– Midi\r\n\r\n– Xuất xứ: Nhật Bản', NULL, 'Piano-dien-Korg-C-2200-205x205', '0000-00-00', 20, NULL, 0, 0, 1),
(63, 2, 'Piano dien Korg LP 350', '12000000', 'Piano điện Korg LP-350 có âm sắc ấn tượng và thiết kế hiện đại.\r\nÂm sắc piano của Korg LP-350 được lấy mẫu trực tiếp từ đàn concert grand piano để bảo đảm tiếng piano như tiếng piano thật một cách tự nhiên. Tiếng piano mẫu được lấy từ rất nhiều cấp độ khác nhau để cho ra tiếng piano thực thụ trên đàn Korg LP-350 cùng với chức năng chơi 2 âm sắc cùng một lúc tạo ra âm thanh vô cùng phong phú và dày dặn.\r\n\r\nHệ thống loa âm thanh nổi mạnh mẽ với 2 loa lớn 10cm và bộ đôi âm-ly khuếch đại 11 watt truyền tải âm thanh trung thực đến với bạn và gia đình bạn.\r\n\r\nĐặc điểm nổi bật khác là công nghệ phím RH3 (Real Weighted Hammer Action 3) cho cảm nhận và độ nhạy phím như piano thật.\r\n\r\nThiết kế của piano điện Korg LP-350 phù hợp với mọi không gian sống trong nhà bạn. LP-350 có kiểu dáng nhỏ gọn phong cách tiết kiệm không gian nhưng vẫn tô điểm cho nơi đặt nó.', NULL, 'Piano-dien-Korg-LP-350-205x205', '0000-00-00', 20, NULL, 0, 0, 1),
(64, 2, 'Piano dien Roland DP 970', '11800000', 'Piano điện Roland DP-970 là piano có phong cách độc đáo, DP-970 kết hợp sự hấp dẫn của một cây đàn piano kỹ thuật số Roland với một phong cách hiện đại.\r\nRoland DP-970 cập nhật các tính năng mới làm tôn lên gấp đôi giá trị của cây đàn Piano. Piano điện Roland DP-970 là cây đàn piano điện lý tưởng cho không gian sống khá nhỏ, tiết kiệm diện tích, đàn có đầy đủ chức năng với 88 phím nặng chơi như đàn piano cơ âm thanh rất rõ chuẩn tiếng piano màu sắc đẹp, dáng sang trọng, phù hợp với mọi không gian trong nhà bạn.', NULL, 'Piano-dien-Roland-DP-970-205x205', '0000-00-00', 20, NULL, 0, 0, 1),
(65, 2, 'Piano dien Roland F 90', '7500000', 'Đàn piano điện Roland F-90 với thiết kế màu hồng phấn dịu dàng nữ tính, mảnh mai và tao nhã rất phù hợp cho phái đẹp và các bé gái mới học đàn.\r\nBên cạnh đó, Roland F-90 còn sở hữu thiết kế gọn nhẹ, không chỉ dành riêng cho người học đàn, piano điện Roland F-90 có thể tô điểm thêm cho các phòng trà, coffee shop nét trẻ trung, tinh nghịch, nhưng không kém phần lãng mạn, sang trọng vốn có của chiếc piano điện mang lại cho không gian xung quanh nó.', NULL, 'Piano-dien-Roland-F-90-205x205', '0000-00-00', 15, NULL, 0, 0, 1),
(66, 2, 'Piano dien Roland F 110 WH ', '12000000', 'Piano điện Roland F-110 được sản xuất vào năm 2010 với thiết kế hiện đại, nhỏ gọn, phù hợp với không gian hẹp. Tuy vậy, với công nghệ tiên tiến, Roland F-110 có âm sắc rất đẹp, đặc biệt tiếng piano nghe rất ấm áp và trong trẻo. F-110 được thiết kế với hai phiên bản màu trắng và màu đen.', NULL, 'Piano-dien-Roland-F-110-WH-205x205', '0000-00-00', 14, NULL, 0, 0, 1),
(67, 2, 'Piano dien Roland FP 4F black', '13000000', 'Piano điện Roland FP-4F lấy ý tưởng từ concept FP-4 nổi tiếng của Roland và được thêm vào các tính năng thú vị như: công nghệ SuperNATURAL Piano, bàn phím Ivory Feel-G, … Bên cạnh đó, FP-4F còn được trang bị hệ thống loa stereo 12w x 2 được lắp đặt bên trong, có thể chơi nhạc ở bất cứ đâu, nhanh chóng, mà không cần thêm dàn loa hay cáp.\r\nPiano điện Roland FP-4F vừa vặn trong mọi không gian nhỏ, gọn, không tốn nhiều diện tích, và được hoàn thành với 2 gam màu cổ điển trắng và đen. Từ trình diễn sân khấu đến giải trí gia đình, Piano điện Roland FP-4F đại diện cho cam kết không ngừng phát triển của công nghệ tiên tiến và sáng tạo âm nhạc của Roland.\r\n\r\n– Sử dụng công nghệ SuperNATURAL Piano\r\n\r\n– Bàn phím Ivory Feel-G với Escapement\r\n\r\n– Hệ thống loa stereo lắp đặt sẵn.\r\n\r\n– Tính năng Session Partner cung cấp sẵn giai điệu và các loại nhạc đệm.\r\n\r\n– Bộ nhớ USB và khả năng phát lại audio-file', NULL, 'Piano-dien-Roland-FP-4F-black-205x205', '0000-00-00', 15, NULL, 0, 0, 1),
(68, 2, 'Piano dien Roland HP 2', '15000000', 'Đàn piano điện Roland HP-2 mang thiết kế như chiếc upright piano, gọn, đẹp, màu nâu sang trọng và trên hết, chất lượng âm thanh HP-2 tuyệt vời, thích hợp cho việc học tập, giải trí\r\nĐàn Piano điện Roland nổi tiếng với công nghệ âm thanh Super Natural Piano. Đây là công nghệ âm thanh tiên tiến nhất, chuyên về tiếng Piano được áp dụng trên Roland HP-2.\r\n\r\nCác kỹ sư âm thanh đã lấy mẫu tiếng piano được thu âm từ những cây đàn piano cơ hay nhất thế giới, cho ra âm thanh piano tinh tế từ những chi tiết nhỏ nhất (ví dụ: độ dày đặc của tiếng đàn, độ thanh thoát của những âm cao, độ nặng của những âm trầm và cả những tiếng búa gõ trong bộ máy của cây đàn Piano cơ).\r\n\r\nNgoài công nghệ âm thanh Supper Natural Piano và công nghệ bàn phím Feel-G, Piano điện Roland HP-2 còn có thiết kế kiểu dáng và màu sắc sang trọng làm hài lòng với mọi đối tượng khách hàng kể cả những khách hàng khó tính nhất.', NULL, 'Piano-dien-Roland-HP-2-205x205', '0000-00-00', 20, NULL, 0, 0, 1),
(69, 2, 'Piano dien Roland HP 207', '17000000', 'Piano điện Roland HP-207  là dòng piano điện cao cấp, được sản xuất trên công nghệ tiên tiến nhất của hãng Roland.\r\nĐặc điểm nổi trội của piano điện Roland HP-207 là âm sắc siêu thực của tiếng piano lấy mẫu đa âm được thể hiện trên bộ phím mới với cảm giác phím ngà voi PHA II. Đàn được thiết kế hài hòa với hệ thống loa mạnh mẽ, chân đàn phía trước và kiểu dáng tao nhã tạo cảm nhận phong cách và âm sắc của một cây đàn piano cơ.', NULL, 'Piano-dien-Roland-HP-207-205x205', '0000-00-00', 15, NULL, 0, 0, 1),
(70, 2, 'Piano dien Roland HP 302', '15000000', 'Âm điệu tuyệt vời cùng với chức năng  siêu cảm ứng của phím đàn tạo cảm giác thật hấp dẫn trong học tập, làm nhạc và biểu diễn.\r\nPiano điện Roland HP 302 với bộ gõ Super Natural (Siêu tự nhiên), đây là dòng cao cấp trong các loại piano điện với phím đàn PHAII công nghệ Escapement mang đến những cảm nhận tự nhiên.\r\n\r\nPiano điện Roland HP-302 cũng mang dáng dấp của cây  đàn piano cơ dạng đứng, kết hợp phần hỗ trợ “Classic Position” với 3 pedals và thiết kế truyền thống. Những chân trước chắc chắn và giá nhạc tiện lợi.\r\n\r\nPiano điện Roland HP 302 là một model mới với sự kết hợp hoàn mỹ của âm thanh, cảm ứng phím và thiết kế. Cây đàn này cùng với chức năng đếm nhịp và ghi âm 3 tracks sẽ giúp bạn tiến triển nhanh: tập luyện. Chức năng “Twin Piano” sẽ rất tiện lợi cho những bài học một kèm một. Bảng điều khiển được đặt ở vị trí trung tâm với những phím chuyên dụng đảm bảo cho việc quan sát thuận lợi hơn trong việc sử dụng. Hai người có thể cùng lúc luyện tập trên một cây đàn một cách độc lập nhờ vào việc có thể kết nối đàn với 2 headphones mặc dù cho ra những âm thanh sống động hơn cả đẳng cấp của nó, cây đàn HP-302 lại có mức tiêu thụ điện năng rất thấp.', NULL, 'Piano-dien-Roland-HP-302-205x205', '0000-00-00', 20, NULL, 0, 0, 1),
(71, 2, 'Piano dien Roland RP 101 MH', '13000000', 'Piano điện Roland RP-101 MH là dòng sản phẩm với hiệu suất cao nhưng dễ dàng được sở hữu bởi mức giá phải chăng.\r\nRoland RP-101 MH có âm sắc tự nhiên và trung thực như đàn piano grand được thể hiện trên bộ phím công nghệ PHA alpha II với độ nhạy bàn phím như piano thật. Đàn có 3 pedal, nắm đậy dạng trượt và thiết kế thùng nhỏ gọn dễ dàng đặt trong mọi không gian.', NULL, 'Piano-dien-Roland-RP-101-MH-205x205', '0000-00-00', 20, NULL, 0, 0, 1),
(72, 2, 'Piano dien Yamaha CLP 120', '12000000', 'Đàn piano điện Yamaha CLP-120 có thiết kế cứng cáp, vững chãi, màu vẫn gỗ nâu đen tự nhiên, là sự lựa chọn hảo không gian gia đình vừa và nhỏ.\r\nPiano điện yamaha CLP-120 được sản xuất năm 2001-2003, bắt đầu từ năm này dòng CLP được sở hữu thế hệ bàn phím GH (Graded Hammer effect), giúp người chơi có thể dễ dàng điều khiển lực ngón tay trên phím đàn. Những dòng đàn thế hệ trước ta khó lòng diễn tả ý của mình muốn, vì khi lực tay hơi mạnh đàn sẽ kêu to quá, và ngược lại lực hơi nhẹ thì đàn lại kêu quá nhỏ. Nhưng từ khi bàn phím GH ra đời, nó đã khắc phục được nhược điểm này, nó giúp người chơi thể hiện âm lượng từng nốt nhạc to nhỏ một cách uyển chuyển.\r\n\r\nĐây là cây đàn piano điện hoàn hảo cho bạn lựa chọn với tiêu chí: tiếng hay, body chuẩn…', NULL, 'Piano-dien-Yamaha-CLP-120-205x205', '0000-00-00', 20, NULL, 0, 0, 1),
(73, 2, 'Piano dien Yamaha CLP 240 ', '16500000', 'Piano điện Yamaha CLP-240 là dòng đàn cao cấp của Yamaha, sản xuất năm 2005-2007. Thiết kế trang nhã, vừa thích hợp cho nội thất phòng, vừa là nhạc cụ phù hợp cho nhiều thành viên yêu âm nhạc\r\nĐược trang bị những tính năng cao cấp, như bàn phím GH3 giúp người chơi điều khiển lực tay rất dễ dàng hơn; có New DDE (Dynamic Damper Effect) là búa thế hế mới; có cổng cắm USB chép nhạc midi, hệ thống pedal nhạy cảm cho cảm xúc thăng hoa\r\nPiano điện Yamaha CLP-240 là một lựa chọn tốt cho bạn, phù hợp đầu tư cho việc học tập, giá cả phù hợp mọi đối tượng.', NULL, 'Piano-dien-Yamaha-CLP-240-dark-rosewood-205x205', '0000-00-00', 20, NULL, 0, 0, 1),
(74, 2, 'Piano dien Yamaha CLP 330M', '17000000', 'Đàn piano điện Yamaha CLP-330 được hãng đàn yamaha danh tiếng sản xuất vào khoảng những năm 2008 đến 2010.\r\nYamaha Clavinova CLP Series 300 không thay đổi gì nhiều về hình thức so với dòng CLP Series 200, bàn phím sử dụng công nghệ GH3 (Graded Hammer effect 3rd) công nghệ này giúp cho người chơi dễ dàng điểu khiển được lực của ngón tay trên bàn  phím và cảm nhận được nó một cách rõ nét.\r\n\r\nPiano điện Yamaha CLP-330 sử dụng cách thức lẫy mẫu 3 cấp độ (3 – level Dynamic Stereo Sampling in its Pure CF Sampling ) khiến cho chất tiếng sạch sẽ và tinh khiết.  Các chuyên gia kỹ thuật của Yamaha đã chọn cây đàn mẫu Yamaha CF IIIS để lấy mẫu tiếng, sau đó họ sử dụng cách lấy mẫu 3 cấp độ để lấy được chất tiếng chuẩn và tinh khiết từ cây đàn mẫu này để làm tiếng cho CLP 330 trở lên hấp dẫn như một cây grand piano thực sự.', NULL, 'Piano-dien-Yamaha-CLP-330M-205x205', '0000-00-00', 15, NULL, 0, 0, 1),
(75, 2, 'Piano dien Yamaha CLP 411', '11000000', 'Yamaha CLP-411 được nhập khẩu trực tiếp từ Nhật Bản. Âm thanh hay, phím chuẩn piano, phù hợp cho người mới tập đàn cũng như mục đích tập luyện giải trí.', NULL, 'Piano-dien-Yamaha-CLP-411-205x205', '0000-00-00', 15, NULL, 0, 0, 1),
(76, 2, 'Piano dien Yamaha CLP 550', '7000000', 'Piano điện Yamaha CLP-550 có âm sắc khá hay trong dòng đàn giá rẻ dành cho người bắt đầu tập chơi đàn. CLP-550 có đầy đủ 88 phím dễ dàng trong việc luyện ngón.', NULL, 'Piano-dien-Yamaha-CLP-550-205x205', '0000-00-00', 15, NULL, 0, 0, 1),
(77, 2, 'Piano dien Yamaha CLP 560', '8000000', 'Piano điện Yamaha CLP-560 có âm sắc khá hay trong dòng đàn giá rẻ dành cho người bắt đầu tập chơi đàn. CLP-560 có đầy đủ 88 phím dễ dàng trong việc luyện ngón.', NULL, 'Piano-dien-Yamaha-CLP-560-205x205', '0000-00-00', 10, NULL, 0, 0, 1),
(78, 2, 'Piano dien Yamaha CLP 711', '12000000', 'Tính năng của đàn piano điện Yamaha CLP-711\r\nDòng đàn CLP Clavinova\r\nKhi bạn ngồi vào cây đàn CLP Clavinova là bạn bắt đầu đi vào thế giới âm thanh thực. Với hệ tiếng Dynamic Stereo Sampling AWM cho âm thanh cực kỳ sống động giống như thật, bàn phím với kỹ thuật GH và HE mô phỏng độ nhạy và cảm giác giống như đàn piano cơ đến kinh ngạc và rất nhiều các tính năng thú vị khác chờ bạn khám phá.\r\n\r\nPhím đàn với hiệu ứng búa gõ của đàn piano cơ (Action Effect)\r\nBàn phím với hiệu ứng búa gõ của đàn piano cơ cho bạn cảm giác ấn tượng của âm thanh ưu việt. Đây là kỹ thuật được tao ra dựa trên kinh nghiệm hàng thế kỷ chế tạo đàn piano cơ lớn (grand piano), nhằm tạo ra độ nhạy của phím đàn như đàn piano cơ. Hơn nữa, đàn piano điện Yamaha CLP-711 có chế tạo giống phím đàn piano cơ với chất liệu satin cho phím đen và màu ngà voi tự nhiên của phím trắng cho cảm giác như thật.\r\n\r\nHiệu ứng GH (Graded Hammer) cho phím đàn\r\nHiệu ứng GH cho cảm giác rất thật của đàn piano cơ. Hiệu ứng này quyết định độ nặng nhẹ của phím đàn khi bạn chơi đàn piano.\r\n\r\nÂm sắc đa dạng – 12 âm sắc AWM và 12 biến thể\r\n\r\nĐàn piano điện Yamaha CLP-711 tích hợp các âm sắc đa dạng như pianos, electric pianos, harpsichord, organ và nhiều hơn nữa\r\n\r\nMàn hình LCD lớn\r\n\r\nKết nối với máy tính', NULL, 'Piano-dien-Yamaha-CLP-711-205x205', '0000-00-00', 15, NULL, 0, 0, 1),
(79, 2, 'Piano dien Yamaha CLP 820', '11000000', 'Piano điện YAMAHA CLP-820 được sản xuất bới công ty Yamaha – Nhật Bản.\r\nKhi bạn ngồi xuống Piano điện YAMAHA CLP-820 là bạn đã vào một thế giới âm thanh vô cùng chân thực, sống động với công nghệ lấy mẫu âm Dynamic Stereo Sampling AWM. Với bàn phím HE Piano điện YAMAHA CLP-820 khiến cho người phải ngạc nhiên với sự linh hoạt, thoái mái của nó.', NULL, 'Piano-dien-Yamaha-CLP-820-205x205', '0000-00-00', 10, NULL, 0, 0, 1),
(80, 2, 'Piano dien Yamaha CLP 840', '11500000', 'Piano điện Yamaha Clavinova CLP-840 cho âm thanh trung thực như đàn piano cơ nhờ vào công nghệ lấy mẫu âm thanh nổi (stereo sampling) và hệ thống tạo âm sắc AWM (Advanced Wave Memory).\r\nĐàn piano điện Yamaha CLP-840 tạo cảm giác phím như đàn piano cơ, chức năng chơi 2 âm sắc cùng một lúc (dual), chức năng gõ nhịp cho người mới tập đàn piano, ghi âm 2 track', NULL, 'Piano-dien-Yamaha-CLP-840-205x205', '0000-00-00', 10, NULL, 0, 0, 1),
(81, 2, 'Piano dien Yamaha CLP 950', '14000000', 'Piano điện Yamaha CLP-950 thuộc dòng Clavinova của Yamaha, có thiết kế bắt mắt, sang trọng và sở hữu những công nghệ ưu việt, mang đến một chất lượng âm thanh tuyệt vời.\r\nMột số tính năng nổi bật của Yamaha CLP-950\r\n\r\n– Có thiết kế frame nghệ thuật\r\n\r\n– Kích thước phong cách và chất lượng mới\r\n\r\n– Năng động, lấy mẫu stereo\r\n\r\n– Phản ứng va chạm\r\n\r\n– Lựa chọn voicer rộng\r\n\r\n– Hệ thống loa mới\r\n\r\n– Giao diện PC\r\n\r\n– Extended polyphony\r\n\r\n– Reverb kỹ thuật số và có các hiệu ứng kỹ thuật số\r\n\r\n– Ghi âm\r\n\r\n– Bàn phím có chế độ kép và chia đôi bàn phím\r\n\r\nVà nhiều nhiều chức năng đang chờ bạn khám phá.', NULL, 'Piano-dien-Yamaha-CLP-950-205x205', '0000-00-00', 10, NULL, 0, 0, 1),
(82, 2, 'Piano dien Yamaha CVP 92', '12500000', 'Đàn Piano điện Yamaha CVP-92 hội tụ các đặc tính nổi bật tương tác tối đa đến những người chơi đàn, đặc biệt những người mới bắt đầu có thể chơi một cách hoàn chỉnh một bản nhạc ngay từ lần đầu tiên ngồi xuống bàn phím. Tất nhiên, những âm thanh bạn cảm nhận từ phím đàn và cảm giác “chạm”  vào phím đàn của bạn hoàn toàn thực  và sống động.\r\nĐàn Yamaha CVP-92 Clavinova mang đến cho những tín đồ của âm nhạc các tính năng nổi bật như sau:\r\n\r\nĐàn piano điện Yamaha CVP-92 Clavinova sử dụng công nghệ AWM – Công nghệ tái tạo âm thanh trung thực như một cây đàn Grand Piano. Piano Yamaha CVP-92 Clavinova sử dụng công nghệ tiên tiến AWM (công nghệ lấy mẫu). AWM là một công nghệ sử  dụng  các công cụ ghi âm kỹ thuật số hiện đại tạo cảm giác âm thanh chuyên nghiệp và trung thực như một cây đàn Piano cơ  sử dụng trong các buổi hòa nhạc chuyên nghiệp . Với bảng điều khiển tích hợp trên 500 giai điệu có sẵn cho phép người chơi dễ dàng lựa chọn các giai điệu và không giới hạn trong bất kì trường hợp nào\r\nHiệu ứng kĩ thuật cho âm thanh phong phú và tinh tế: Với kho âm thanh phong phú lưu trữ sẵn trong máy bạn thỏa thích lựa chọn các giai điệu tùy thuộc vào sở thích từ  âm thanh trong các phòng hòa nhạc đến câu lạc bộ nhạc Jazz thân mật sẽ mang đến cho bạn cảm giác âm thanh chân thực nhất  khi chơi bất kì bản nhạc nào.', NULL, 'Piano-dien-Yamaha-CVP-92-205x205', '0000-00-00', 14, NULL, 0, 0, 1),
(83, 2, 'Piano dien Yamaha CVP 94', '13000000', 'Đàn piano điện Yamaha CVP-94 sản xuất năm 1997 tại Nhật Bản, tích hợp 2 tính năng piano & organ (nhạc đệm tự động) trên cùng một cây đàn, đem lại cho người học và chơi đàn trải nghiệm thú vị. Đàn được nhập khẩu nguyên bản, trực tiếp từ Nhật. Bảo hành 01 năm, miễn phí vận chuyển trong nội thành TP.HCM', NULL, 'Piano-dien-Yamaha-CVP-94-205x205', '0000-00-00', 10, NULL, 0, 0, 1),
(84, 2, 'Piano dien Yamaha YDP 160C', '15000000', 'Piano điện Yamaha YDP-160\r\nĐàn piano điện Yamaha YDP-160 có chân dạng hộp, gọn gàng thanh thoát. Thích hợp dụng trong phòng học, phòng trà, sử dụng trong những không gian nhỏ và vừa, âm thanh trung thực, sống động, không ồn ào, mà vẫn cảm nhận hết được sự tự nhiên như tiếng đàn “piano acoustic”.\r\n\r\nKết nối headphone, phù hợp luyện tập mọi thời điểm không sợ ồn ào, ảnh hưởng xung quanh (sử dụng headphone có jack 6mm), thích hợp cho việc học tập, luyện ngón và sáng tác âm nhạc\r\n\r\nĐàn Piano điện Yamaha YDP-160 được sản xuất năm 2008. Với thiết kế gọn gàng thanh thoát, Yamaha YDP-160 phù hợp sử dụng ở những không gian vừa và nhỏ. Đàn thích hợp cho cả việc học tập lẫn sáng tác nhạc.\r\n\r\nThông số kỹ thuật Yamaha YDP-160\r\n\r\n– 88 Phím nặng GH\r\n\r\n– Touch Sensitivity: Hard/Medium/Soft/Fixed (Bàn phím có nhiều cấp độ Touch)\r\n\r\n– Voice: 10\r\n\r\n– Pedal: 3 (Damper, Sostenuto, Soft)\r\n\r\n– Metronome (bộ gõ giữ nhịp)\r\n\r\n– Transpose (lên xuống tone)\r\n\r\n– Reverb: 4 (Room – Hall 1 – Hall 2 – Stage)\r\n\r\n– Rec/Play (Thu âm và phát lại bài vừa đánh)\r\n\r\n– Cổng Midi In/Out\r\n\r\n– Xuất xứ: Nhật Bản', NULL, 'Piano-dien-Yamaha-YDP-160C-205x205', '0000-00-00', 10, NULL, 0, 0, 1),
(85, 2, 'Piano dien Yamaha YDP 223', '12500000', 'Piano điện Yamaha YDP-223\r\nPiano điện Yamaha YDP-223 là mẫu đàn có thiết kế khác biệt so với các mẫu còn lại của dòng YDP. Chân đàn dạng hộp, sở hữu thiết kế cổ điển sang trọng. Piano điện Yamaha YDP-223 với âm thanh chuẩn, cảm giác phím tốt và nhiều tính năng hữn ích chắc chắn sẽ là lựa chọn hay nếu bạn đang muốn mua piano điện cũ nội địa Nhật cho nhu cầu học tập, giải trí hoặc chơi chuyên nghiệp.', NULL, 'Piano-dien-Yamaha-YDP-223-205x205', '0000-00-00', 10, NULL, 0, 0, 1),
(86, 2, 'Piano Korg C 340LC', '8700000', 'Thương hiệu đàn Korg từ lâu nổi tiếng và được ưa chuộng trong giới nhạc công bởi âm sắc và những cải tiến công nghệ âm thanh không ngừng. Âm sắc piano điện Korg cũng vậy, với tiếng piano điện nghe rất dày và đậm chất đàn grand piano.\r\nPiano điện Korg C-340 LC được thừa hưởng tất cả những ưu điểm nêu trên. Được sản xuất vào năm 2007, C-340 LC được thiết kế với âm sắc rất hay, đặc biệt là tiếng piano nghe như đàn piano cơ. Màu sắc của C-340 LC là màu vàng nhạt rất phong cách và sang trọng, phù hợp với nội thất gỗ trong nhà.', NULL, 'Piano-Korg-C-340LC-205x205', '0000-00-00', 15, NULL, 0, 0, 1),
(87, 2, 'Piano Korg C 720', '7800000', 'Korg C-720 là dòng piano điện cao cấp được sản xuất tại Italia với chất lượng cao nhất. Thiết kế mang tính độ phá, khoẻ khoắn mang phong cách châu Âu.', NULL, 'Piano-Korg-C-720-205x205', '0000-00-00', 15, NULL, 0, 0, 1),
(88, 2, 'Piano Korg C 4500', '15500000', 'Âm sắc phong phú\r\nPiano điện Korg C-4500 có sáu âm sắc chất lượng cao và giàu cảm xúc, bao gồm cả tiếng grand piano, được tạo ra bởi hệ thống âm thanh tổng hợp HI (Hyper Integrated) độc quyền của Korg. Bạn có thể sử dụng chức năng lớp (layer) hoặc chia vùng (split) để chơi 2 âm sắc cùng một lúc.\r\n\r\nHiệu ứng\r\nKorg C-4500 cung cấp các hiệu ứng kỹ thuật số tích hợp sẵn có thể mô phỏng hiệu ứng âm vang trong phòng hòa nhạc hoặc tạo thêm hiệu ứng không gian rộng lớn.\r\n\r\nKeyboard 88 note (A0–C8)\r\nSounds 6 sounds: Piano 1, Piano 2, Electric piano, Harpsichord, Organ, Strings\r\nTone generator system HI synthesis system\r\nPolyphony 64 notes\r\nEffects Reverb (3 levels), chorus (3 levels), brilliance (3 levels)\r\nRecorder 2 parts (maximum capacity 14,000 notes)\r\nTempo, Metronome, Record, Start/stop, Pause\r\nKeyboard modes Single, Layer\r\nTemperaments 3\r\nTouch control 3 levels (light/standard/heavy)\r\nControls Power switch, Master Volume slider, Transpose/Function switch, Touch switch, sound selectors, Tempo slider, Metronome switches, Demo switch, PC/MIDI select switch\r\nPedals Damper*, Soft*, Sostenuto (*: supports half-pedaling)\r\nConnectors PHONES x 2, INPUT (L/MONO, R), OUTPUT (L/MONO, R), MIDI (IN, OUT), PC\r\n(TO HOST)\r\nMain amp 24 W x 2\r\nSpeakers 16 cm x 2\r\nPower supply AC 117V or AC 230V\r\nPower consumption 55W(117V), 60W(230V)\r\nDimensions 1379 (W) x 458 (D) x 875 (H) mm\r\nWeight (with stand) 45.5 kg\r\nIncluded items Stand\r\nOptions AG-001B, AG-002B connection kits', NULL, 'Piano-Korg-C-4500-205x205', '0000-00-00', 5, NULL, 0, 0, 1),
(89, 2, 'Piano Roland HP 7S', '8400000', 'Đàn piano điện Roland HP-7s thuộc dòng cao cấp và là hàng nội địa của Nhật, kiểu dáng cứng cáp, hàng mới 98%, sử dụng, vận chuyển và chăm sóc chu đáo nên cây piano điện này là hàng secondhand nhưng như mới.\r\n\r\nHP-7s màu gỗ nâu đỏ sang trọng, chất lượng âm thanh hay, Roland HP-7s cho bạn cảm giác phím, tiếng giống piano acoustic. Bạn sẽ thích mê ngay khi được tiếp xúc với cây đàn piano điện này\r\n\r\nHP-7s có 26 tiếng được chia trong 6 bộ chính, ngoài ra có thể chỉnh độ nặng nhẹ của búa tới 4 levels, ghép tiếng, chia phím,…và rất nhiều chức năng khác đang chờ khám phá.', NULL, 'Piano-Roland-HP-7S-205x205', '0000-00-00', 15, NULL, 0, 0, 1),
(90, 2, 'Piano Roland HP 205 GP', '12400000', 'Đàn piano điện Roland HP-205 GP là dòng sản phẩm cao cấp của Roland.\r\nKhác với những loại piano điện khác, HP-205GP có thiết kế phím đàn được làm giả ngà voi nên phím đàn có màu trắng ngà, tính chất bám dính cao, góp phần tăng độ bám của ngón tay của người chơi lúc phiêu trên nốt nhạc, làm cho giá trị của HP-205GP tăng thêm 1 bậc.\r\n\r\nÂm thanh của piano điện Roland HP-205 GP rất dày và ấm, cho cảm giác như đang chơi trên upright hay grand piano vậy. Thiết kế màu nâu vân gỗ sang trọng, kích thước khá ổn, tiện lợi cho việc di chuyển.', NULL, 'Piano-Roland-HP-205-GP-205x205', '0000-00-00', 15, NULL, 0, 0, 1),
(91, 2, 'Piano Roland HP 330', '10200000', 'Bạn tập piano điện nhưng lại muốn nghe âm thanh như một cây piano cơ thực thụ?\r\nPiano điện Roland HP-330 cho âm thanh tuyệt vời, chất lượng âm thanh của thương hiệu Roland nổi tiếng chắc chắn bạn không thể chê vào đâu được.\r\nPiano Roland HP-330 sẽ là một cây đàn ưng ý cho sự lựa chọn của bạn, sẽ mang lại một cảm giác hấp dẫn trong học tập, làm nhạc cũng như biểu diễn.', NULL, 'Piano-Roland-HP-330-205x205', '0000-00-00', 15, NULL, 0, 0, 1),
(92, 2, 'Piano Roland HP 335', '11200000', 'Roland HP-335 được thiết kế với kiểu dáng và màu sắc sang trọng, làm hài lòng mọi đối tượng khách hàng kể cả những khách hàng khó tính nhất, Đàn Piano Điện Roland HP 335 mang đến cho bạn sự trải nghiệm hoàn toàn mới về công nghệ âm thanh hiện đại.', NULL, 'Piano-Roland-HP-335-205x205', '0000-00-00', 15, NULL, 0, 0, 1),
(93, 2, 'Piano Roland HP 505 GP', '31000000', 'Piano điện Roland HP-505 GP có hệ thống âm thanh đa chiều, tiên tiến cùng công nghê độc quyền  của Roland về hệ thống âm thanh SUPERNATURAL siêu thực.\r\nCông nghệ này được lấy cảm hứng từ dòng V-Piano Grand và khả năng tạo âm thanh giống cây piano acoustic thứ thiệt. Và sự kết hơp này sẽ mang đến cho người chơi trên HP-505 GP xúc cảm hoàn hảo hơn.\r\nPiano điện Roland HP-505 GP được sản xuất tại Nhật Bản vào năm 2013 nên đàn còn rất mới. Màu gỗ tinh tế với thiết kế kiểu dáng tao nhã, phù hợp với mọi không gian trong nhà.', NULL, 'Piano-Roland-HP-505-GP-205x205', '0000-00-00', 20, NULL, 0, 0, 1),
(94, 2, 'Piano Roland HP 2800', '10000000', 'Piano điện Roland HP-2800 có âm điệu tuyệt vời cùng với chức năng siêu cảm ứng của phím đàn Piano điện Roland HP-2800 tạo cảm giác thật hấp dẫn trong học tập, làm nhạc và biểu diễn.\r\nĐây là dòng cao cấp trong các loại piano điện với phím đàn PHAII công nghệ Escapement mang đến những cảm nhận tự nhiên như đang chơi cây đại dương cầm.', NULL, 'Piano-Roland-HP-2800-205x205', '0000-00-00', 10, NULL, 0, 0, 1),
(95, 2, 'Piano Roland KR 570', '16000000', 'Piano điện Roland KR-570 là dòng đàn piano điện cao cấp, ngoài chức năng chính là piano điện, đàn còn có chức năng đệm tự động (rhythm). Âm sắc của đàn rất trung thực, được lấy mẫu với công nghệ âm thanh tiên tiến của dòng đàn piano điện Roland. Màn hình LCD của đàn giúp người sử dụng thao tác và điều khiển dễ dàng hơn.\r\n\r\nVới 156 điệu (styles) và 502 âm sắc (voices), đây thực sự là cây đàn piano điện tuyệt vời cho học tập cũng như biểu diễn.', NULL, 'Piano-Roland-KR-570-205x205', '0000-00-00', 15, NULL, 0, 0, 1),
(96, 2, 'Piano Roland LX 10F', '15400000', 'Roland LX-10F được thiết kế rất ấn tượng với kiểu dáng của đàn piano upright với 3 pedal kiểu truyền thống đã tạo cho đàn Roland LX-10F một dáng vẻ cổ điển, vượt thời gian.\r\nTuy vậy, bên trong lớp vỏ gỗ của LX-10F là một tinh hoa công nghệ âm thanh siêu thực (superNATURAL) dành cho piano của ROLAND. Đây là dòng piano gia đình đầu tiên ở mức giá này sở hữu âm thanh mượt mà, tự nhiên và ba chiều.\r\n\r\nVới công nghệ phím đàn PHA III mô phỏng phím ngà voi hàng đầu, LX-10F tạo ra độ nhạy phím ấn tượng và âm thanh trung thực thông qua hệ thống loa hiệu suất cao được tích hợp bên trong.', NULL, 'Piano-Roland-LX-10F-205x205', '0000-00-00', 12, NULL, 0, 0, 1),
(97, 2, 'Piano Yamaha CLP 156', '12000000', 'Được áp dụng công nghệ AMW – Advanced Wave Memory là bí mật đằng sau chất lượng âm thanh tuyệt vời của piano điện Yamaha CLP-156. Bên cạnh đó, CLP-156 còn sở hữu thiết kế hoàn hảo với các chi tiết tinh xảo, hứa hẹn mang đến nhiều hài lòng cho người chơi nhạc.\r\nYamaha CLP-156 thuộc dòng Clavinova Yamaha được cung cấp các tiếng đàn piano đặc biệt ngoài các tiếng đàn piano tạo phản hồi chơi giống như đang chơi một cây đại dương cầm trong hòa nhạc. Chúng bao gồm cây piano để chơi các ca khúc ballad nhẹ nhàng tạo âm thanh khởi động vang vọng, piano chơi nhạc jazz bổ sung thêm độ sâu cho âm thanh, và piano chơi nhạc pop có âm thanh sáng, sống động.\r\n\r\nĐể đảm bảo âm thanh tạo ra phù hợp với thể loại đang chơi thì việc điều chỉnh mỗi tiếng đàn piano tập trung vào độ vang của âm, hoặc âm thanh tạo ra khi bạn lướt ngón tay và các sắc thái tinh tế khác. Mỗi khi chơi đàn, bạn có thể ngay lập tức thưởng thức âm thanh piano hoàn hảo mà không phải điều chỉnh gì.', NULL, 'Piano-Yamaha-CLP-156-205x205', '0000-00-00', 12, NULL, 0, 0, 1),
(98, 2, 'Piano Yamaha CLP 230', '15000000', 'Piano điện Yamaha CLP-230 cho cảm nhận và âm thanh như đàn piano thật. Công nghệ bàn phím GH3 và âm sắc lấy mẫu từ âm thanh nổi AWM đã tạo ra âm thanh trung thực một cách xuất sắc và diễn cảm tự nhiên.\r\nDòng đàn Yamaha Clavinova CLP thế hệ mới được trang bị tiếng piano với một vẻ đẹp và uy lực tự nhiên vốn có của nó. Nhờ vào việc cải tiến âm sắc piano cùng với hệ thống loa được nâng cấp mới mẻ cho việc tái tạo âm thanh thực, những thiết bị mới và cải tiến này đã cho ra đời âm sắc của đàn grand piano khiến người nghe bị mê hoặc.\r\n\r\nĐàn CLP-230 với thiết kế phong cách cùng với âm sắc chuyên nghiệp đã tạo ra cây đàn làm vừa lòng người chơi khó tính nhất và dễ dàng sử dụng. Đặc điểm nổi bật là công nghệ bàn phím GH3 (Graded Hammer 3) đã tái tạo hiệu quả cảm nhận của một cây đàn grand piano thực sự.', NULL, 'Piano-Yamaha-CLP-230-mahogany-205x205', '0000-00-00', 15, NULL, 0, 0, 1),
(99, 2, 'Piano Yamaha CLP 270 C', '12000000', 'Piano điện Yamaha CLP-270, đẳng cấp vượt trội của dòng Clavinova, được thể hiện trên từng chi tiết. Yamaha CLP-270 còn sở hữu màn hình có thể chỉnh sáng tối tùy ý, công suất loa lớn hơn, cho ra âm thanh sắc nét tuyệt hảo.\r\nNhững công nghệ nổi bật của CLP-270:\r\n\r\n– iAFC (Instrumental Active Field Control)\r\n\r\n– SEE (Spatial Ensemble Effect)\r\n\r\n– NSB (Natural Soundboard)\r\n\r\n– DDE (Dynamic Damper Effect)\r\n\r\n– AMW Tone Generation and New Piano Samples\r\n\r\n– Selection of Voices, Choice of Finishes\r\n\r\n– Download Music Software with Scorch™\r\n\r\n– Music Book “50 Greats for the Piano”\r\n\r\n– Folding Music Rest and Handy Music Clips\r\n\r\nPiano yamaha điện CLP-270 hội tụ nhiều yều tố vượt trội so với các model cấp dưới. Đây là cây đàn phù hợp cho những người chơi khó tính nhất, đòi hỏi sự hoàn hảo.', NULL, 'Piano-Yamaha-CLP-270-C-205x205', '0000-00-00', 14, NULL, 0, 0, 1),
(100, 2, 'Piano Yamaha CLP 280', '13500000', 'Piano điện Yamaha CLP-280 được hãng Yamaha sản xuất vào năm từ 2006 đến 2008 tại Nhật Bản hoặc Indonesia. Với những tính năng cải tiến, hiện nay đàn piano Yamaha CLP-280 đang rất được ưa chuộng tại thị trường Việt Nam.\r\nĐặc điểm vượt trội của đàn piano Yamaha CLP-280\r\n\r\n1.Âm thanh\r\nÂm thanh của CLP-280 mang tính đặc biệt, không thể nhầm lẫn với những cây đàn piano điện khác, với 2 âm sắc piano đẹp mộc mạc nhưng sang trọng, âm sắc này chỉ có được ở những cây dương cầm cổ điển.\r\n\r\n2.Bàn phím\r\nSau thành công của dòng piano điện CLP-230/CLP-240, công nghệ bàn phím GH3 (Graded Hammer Effect 3) tiếp tục được áp dụng trên dòng đàn piano điện CLP-280. Công nghệ này giúp cho người chơi dễ dàng điều khiển lực của ngón tay trên bàn phím và cảm nhận được nó một cách rõ nét.', NULL, 'Piano-Yamaha-CLP-280-205x205', '0000-00-00', 17, NULL, 0, 0, 1),
(101, 2, 'Piano Yamaha CLP 300', '6000000', 'Piano Yamaha CLP-300 là dòng piano điện giá rẻ, phù hợp cho người bắt đầu tập chơi hoặc luyện ngón.\r\n\r\n', NULL, 'Piano-Yamaha-CLP-300-205x205', '0000-00-00', 10, NULL, 0, 0, 1),
(102, 2, 'Piano Yamaha CVP 205', '9800000', 'Đàn piano điện Yamaha CVP-205 là dòng đàn kết hợp giữa piano và keyboard. Nó không những sở hữu tiếng piano cực chất, mà còn có các âm sắc khác y như nhạc cụ thật, không những thế CVP-205 còn có thể chơi rhymth (giai điệu) được như một ban nhạc sống.\r\nVới công suất loa và âm sắc cực hay của nó sẽ khiến nhiều thành viên yêu piano ao ước sở hữu đàn piano điện Yamaha CVP-205.\r\n\r\nĐược sản xuất năm 2001. CVP-205 là dòng piano điện cao cấp của Yamaha, nó vừa là sản phẩm gia đình, vừa là sản phẩm chuyên nghiệp trên sân khấu. Hiện nay được dòng CVP đang được các pianist chọn làm nhạc cụ để biểu diễn live show trên các sân khấu lớn và các phòng trà hạng sang.', NULL, 'Piano-Yamaha-CVP-205-205x205', '0000-00-00', 10, NULL, 0, 2, 1),
(103, 2, 'Piano Yamaha P 120', '7800000', 'Piano điện Yamaha P-120S – piano chất lượng hoàn hảo trong một thiết kế nhỏ gọn và phong cách của Yamaha.\r\nP Series mang lại cho bạn âm thanh chất lượng cao và phản ứng phím cảm ứng đàn tự nhiên mà mọi người mong đợi từ Yamaha – nhà sản xuất các loại đàn piano acoustic hơn thế kỷ qua. Các đặc trưng này của sản phẩm Yamaha, cùng với hệ thống loa stereo tích hợp chất lượng cao được góii gọn trong kiểu dáng mỏng.', NULL, 'Piano-Yamaha-P-120S-205x205', '0000-00-00', 15, NULL, 0, 4, 1),
(104, 2, 'Piano Yamaha PF 1000', '10200000', 'Piano Điện Yamaha PF-1000 là dòng piano nhỏ gọn, chức năng không thua kém một cây đàn piano khác và thêm vào đó là một cây organ chuyên nghiệp được tích hợp vào nó. Màn hình hiển thị dễ hiểu cho người dùng và còn nhiều chức năng khác.', NULL, 'Piano-Yamaha-PF-1000-205x205', '0000-00-00', 10, NULL, 0, 4, 1),
(105, 2, 'Piano Yamaha YDP 123', '12000000', 'Đàn piano điện Yamaha YDP-123 có chân dạng hộp, gọn gàng thanh thoát. Thích hợp cho phòng vừa và nhỏ, phòng học, phòng khách hay các tụ điểm phòng trà, âm thanh lại vừa vặn, không ồn ào, mà vẫn cảm nhận hết được sự tự nhiên của tiếng đàn piano cơ.\r\nĐặc biệt, đàn piano điện Yamaha YDP-123 có cổng cắm headphone, phù hợp cho việc luyện tập, sáng tác mà không sợ làm phiền đến những người xung quanh. Piano điện Arius Yamaha YDP-123 được thiết kế với hệ thống phím và độ touch mô phỏng rất giống với đàn piano cơ, phù hợp không những với người mới tập chơi mà còn với cả người chơi chuyên nghiệp.', NULL, 'Piano-Yamaha-YDP-123-205x205', '0000-00-00', 12, NULL, 0, 0, 1),
(106, 2, 'Piano Yamaha YDP 140C', '9500000', 'Là một lựa chọn hoàn hảo cho người mới học đàn cũng như người chơi đàn chuyên nghiệp, piano điện Yamaha YDP-140 mang lại âm sắc piano và cảm nhận rất chân thực.', NULL, 'Piano-Yamaha-YDP-140C-205x205', '0000-00-00', 12, NULL, 0, 2, 1),
(107, 2, 'Piano dien Roland F 100', '9500000', 'Roland F-100 được thiết kế với âm thanh và cảm giác phím được lấy từ đàn đại dương cầm (concert grand) với kiểu dáng nhỏ gọn có thể phù hợp với bất kỳ không gian nào. Đàn được tích hợp pedal cố định cho khả năng chơi đàn tự nhiên hơn, với chức năng thu âm và nhịp điệu được thiết kế trong đàn.', NULL, 'Roland-F-100-205x205', '0000-00-00', 15, NULL, 0, 0, 1),
(108, 2, 'Piano dien Roland HP 3800', '9800000', 'Piano điện Roland HP-3800 có thiết kế mạnh mẽ với màu vân gỗ đẹp, sang trọng, phù hợp với mọi nội thất trong nhà.\r\n\r\nĐàn cho âm thanh chuẩn của dòng piano điện Roland, đặc biệt tiếng piano rất thật như tiếng piano cơ.  Đàn có 8 âm sắc: Piano 1, Piano 2,  Harpsichord, Vibraphone, E.Piano, Pipe organ, Strings và Honky-tonk. Đàn cũng có chức năng tạo lớp tiếng, giúp cho tiếng đàn nghe dày và hay hơn. Đàn có chức năng đếm nhịp (metronome) dành cho người mới bắt đầu học đàn piano.', NULL, 'Roland-HP-3800-205x205', '0000-00-00', 20, NULL, 0, 0, 1),
(109, 2, 'piano dien roland hpi 5', '8800000', 'Sơ lược đặc điểm nổi trội của piano điện Roland HPi-5\r\n\r\n– Chức năng “DigiScore” lí tưởng cho việc thực hành và học tập\r\n\r\n– Âm thanh chuyên nghiệp, chức năng hoạt động đơn giản\r\n\r\n– Tích hợp màn hình trong sheet nhạc đứng dễ dàng và thoải mái xem\r\n\r\n– Có chức năng “wonderland” giúp trẻ làm quen với HPi-5\r\n\r\n– Công nghệ SuperNATURAL Piano cho âm thanh biểu cảm, có ý nghĩa, và đáp ứng.\r\n\r\n– Phức điệu 64\r\n\r\n– Âm sắc 421\r\n\r\nThông số của đàn piano điện Roland HPi-5\r\n\r\nKeyboard 88 keys (Progressive Hammer-Action Keyboard)\r\n\r\nTouch Sensitivity Light, Medium, Heavy, Fixed\r\n\r\nKeyboard Mode Whole, Split (split point adjustable), Dual, Pianist, Manual Drums / SFX\r\n\r\nSound Source Conforms to GM2 / GS\r\n\r\nMax. Polyphony 64 Voices\r\n\r\nTones 421 tones in 6 groups (Including 11 drum sets, 1 SMF set)\r\n\r\nTemperament 8 types, selectable tonic\r\n\r\nStretched Tuning 2 types\r\n\r\nMaster Tuning 415.3 Hz – 466.2 Hz (0.1 Hz Steps)\r\n\r\nKey Transpose -6-+5 semitone steps\r\n\r\nEffects Reverb (10 levels), Chorus (10 levels), Sympathetic Resonance (10 levels, for some Piano Tones only)\r\n\r\nMusic Styles 30 Pianist Styles\r\n\r\nMetronome Beat (2/2, 0/4, 2/4, 3/4, 5/4, 6/4, 7/4, 3/8, 6/8, 9/8, 12/8), Volume (10 levels), Sounds (7 types)\r\n\r\nTracks 5/16 tracks\r\n\r\nSongs 1 song\r\n\r\nTempo Quarter note = 20 to 250\r\n\r\nDisk Drive 3.5” FDD\r\n\r\nInternal Songs 168 songs\r\n\r\nRated Power Output 30W X 2\r\n\r\nSpeakers 7” (16 cm) X 2\r\n\r\nDisplay 320 X 240 dots Graphic LCD (with backlit)\r\n\r\nLanguage English / Japanese / German / French / Spanish\r\n\r\nLyric Yes (Built-in Display, MIDI Out)\r\n\r\nControl Volume, Brilliance\r\n\r\nPedals Damper (half-pedal recognition), Soft (half-pedal recognition, function assignable), Sostenuto (function assignable)\r\n\r\nConnectors Output jacks (L/Mono, R), Input jacks(L/Mono, R), Headphone jack (Stereo) X 2, MIDI In connector, MIDI Out connector, Pedal connector, LCD connector\r\n\r\nPower Consumption 80W (230V, 240V)\r\n\r\nCabinet Finish Simulated Mahogany\r\n\r\nDimensions (Including the stand and the music stand) 1445(W) X 524(D) X 1067(H) mm, 56-15/16(W) X 20-11/16(D) X 42-1/16(H) inches\r\n\r\nWeights (Including the stand) 67kg / 147 lbs 12 oz\r\n\r\nAccessories Owner’s manual, Power Cord, Roland 60 Classical Piano Masterpieces\r\n\r\nSIZE AND WEIGHT\r\n\r\nWidth 1,445 mm 56-15/16 inches\r\n\r\nDepth 524 mm 20-11/16 inches\r\n\r\nHeight 1,067 mm 42-1/16 inches\r\n\r\nWeight 67.0 kg 147 lbs. 12 oz.', NULL, 'roland-hpi-5-205x205', '0000-00-00', 15, NULL, 0, 0, 1),
(110, 2, 'Piano dien Roland HPi 6s cherry', '18500000', 'Đàn piano điện Roland HPI-6s với 88 phím nặng và hệ thống âm thanh 4 loa sẽ mang đến cho bạn âm thanh và cảm nhận thực thụ của một cây Grand-Piano ngay tại nhà bạn.\r\nMẫu mã nhỏ gọn, lịch lãm phù hợp với mọi không gian và tôn thêm vẻ sang trọng cho ngôi nhà của bạn.\r\n\r\nNgoài ra, với màn hình LCD rộng và hỗ trợ USB sẽ giúp bạn dễ dàng thực hành những bài tập piano.\r\n\r\nNhững bài học và game vui nhộn sẽ làm cho việc học ở nhà thêm vui vẻ và bổ ích cho mọi lứa tuổi\r\n\r\nThông số cơ bản của Đàn piano điện Roland HPI-6s\r\n\r\n– Phím: 88 phím nặng\r\n\r\n– Pedal: 3 Pedal\r\n\r\n– Màn hình: LCD 7Inch\r\n\r\n– USB: Tiếp xúc USB\r\n\r\n– Touch: 5 levels/Fixed Touch\r\n\r\n– Keyboard Mode: Whole – Split\r\n\r\n– Voice: 128 Voices\r\n\r\n– Metronome: Beat: 2/2, 0/4, 2/4, 3/4, 4/4, 5/4, 6/4, 7/4, 3/8, 6/8, 9/8, 12/8\r\n\r\n– Tranpose\r\n\r\n– Kích thước : Dài : 1,387m / Cao 1,036m / Sâu 0,422m\r\n\r\n– Trọng lượng: 56,5Kg\r\n\r\n– Midi', NULL, 'Roland-HPi-6s-cherry-205x205', '0000-00-00', 12, NULL, 0, 0, 1),
(111, 2, 'Piano dien Yamaha CLP 123', '11000000', 'Piano điện YAMAHA CLP-123 được sản xuất bởi công ty Yamaha – Nhật Bản.\r\n\r\nĐây là cây piano chất lượng, âm sắc được thiết kế bằng ghi âm CD với công nghệ kỹ thuật số tiên tiến, có thể điều chỉnh âm thanh phù hợp với phong cách của người chơi đàn.\r\n\r\nĐược thế kế dành cho các buổi hòa nhạc, Piano điện YAMAHA CLP-123 với bàn phím AE dẻo dai, linh hoạt tạo cảm giác thoái mái nhất cho người chơi đàn. Thùng đàn được làm từ gỗ cẩm lai có sắc vân hồng rất đẹp tạo cho đàn có một bề ngoài ấm áp đặc biệt\r\n\r\nÂm thanh của Piano điện YAMAHA CLP-123 rất vang và rõ nét, nó được rất nhiều nghệ sỹ, nhạc công sử dụng tại các buổi biểu diễn vừa và nhỏ. Ưu điểm lớn của nó là giá thành hợp lý, phù hợp với tầng lớp trung lưu. Chất lượng đảm bảo những yếu tố của một cây piano tầm trung.\r\n\r\nPiano điện YAMAHA CLP-123 là một cây đàn piano yamaha xứng đáng cho sự lựa chọn của bạn!', NULL, 'Yamaha-CLP-123-205x205', '0000-00-00', 15, NULL, 0, 0, 1),
(112, 2, 'Piano dien Yamaha CLP 133', '10000000', 'Piano điện Yamaha CLP-133 cho âm thanh trung thực như đàn piano cơ nhờ vào công nghệ lấy mẫu âm thanh nổi (stereo sampling) và hệ thống tạo âm sắc AWM (Advanced Wave Memory).\r\n\r\nĐàn Yamaha CLP-133 tạo cảm giác phím như đàn piano cơ, chức năng chơi 2 âm sắc cùng một lúc (dual), chức năng gõ nhịp cho người mới tập đàn piano, ghi âm 2 track.\r\n\r\nThông số kỹ thuật:\r\n\r\nBàn phím: 88 phím nặng\r\nÂm sắc: Piano 1, Piano 2, Clavinova tone, E.Piano, Harpsichord, Vibes, Strings, Organ\r\nĐộ tươi sáng của âm sắc: Mellow, Normal, Bright\r\nHiệu ứng: Room, Hall 1, Hall 2, Cosmic\r\nĐộ nhạy phím: Hard, Medium, Soft\r\nPedal: Soft, Sostenuto, Damper', '', 'Yamaha-CLP-133-205x205', '0000-00-00', 20, NULL, 0, 0, 1),
(113, 2, 'Piano dien Yamaha CLP 860', '12000000', 'Piano Yamaha CLP-860  sử dụng công nghệ tái tạo âm thanh nổi tiếng AWM cho bạn trải nghiệm âm thanh chân thực và sống động đến kinh ngạc .\r\nNgồi xuống đàn Piano Yamaha CLP-860 là bạn bước vào thế giới âm thanh trung thực với các tính năng đặc biệt sau:    \r\nCông nghệ tái tạo âm thanh AWM : AWM là công nghệ tái tạo âm thanh nổi tiếng của Yamaha đã được sử  dụng phổ biến trong các thế hệ đàn Piano điện của Yamaha . Đây là công nghệ tái tạo âm thanh một cách trung thực , sống động và chuyên nghiệp như một cây đàn Grand Piano được sử dụng trong các buổi hòa nhạc .\r\nĐàn Piano điện Yamaha CLP-860 \r\nBàn phím GH và GE : Với kinh nghiệm hơn 100 năm chế tác cây đàn Piano các chuyên gia của Yamaha đã cho ra đời thế hệ bàn phím cho hiệu ứng âm thanh vượt trội GH (Graded Hammer) và HE (Hammer Effect) . Những bàn phím này có cảm ứng âm thanh rất nhạy và tạo cảm giác âm thanh sống động như thật, chính vì thế mà Yamaha trở thành người dẫn đầu về công nghệ kĩ thuật số âm thanh trong thị trường Piano điện thế giới.\r\nĐặc biệt, thay vì sử dụng lò xo hoặc giảm chấn dầu để mô phỏng cảm giác của một piano cơ, bàn phím GH và HE  sử dụng trọng lượng thực tế và mối liên kết cơ khí mang lại trải nghiệm âm thanh trung thực và sống động.', NULL, 'Yamaha-CLP-860-205x205', '0000-00-00', 17, NULL, 0, 0, 1),
(114, 2, 'Piano dien Yamaha CVP 96', '16000000', 'Yamaha CVP-96 là dòng sản phẩm Clavinova của Yamaha kết hợp tính năng của đàn piano và đàn organ trên cùng một cây đàn. CVP-96 áp dụng công nghệ âm thanh tiên tiến với công suất loa và amply được nâng cấp tạo ra âm thanh trung thực và mạnh mẽ như một dàn nhạc mini tại gia đình, cho bạn thỏa sức khám phá và sáng tạo.\r\n\r\nBên cạnh đó, thiết kế của Yamaha CVP-96 mô phỏng kiểu piano grand cho kiểu dáng sang trọng, mạnh mẽ, tạo sự ấn tượng cho không gian đặt đàn.', NULL, 'Yamaha-CVP-96-205x205', '0000-00-00', 22, NULL, 0, 0, 1),
(115, 2, 'Piano dien Yamaha CVP 204', '18500000', 'Piano điện Yamaha CVP-204 có thiết kế 88 phím hammer dạng tủ như cây upright piano, màu nâu gỗ mạnh mẽ, sang trọng, thích hợp dành cho các bạn có nhu cầu giải trí, học tập, các phòng trà cần một cây piano gọn, nhẹ trong dàn nhạc của mình.', NULL, 'Yamaha-CVP-204-205x205', '0000-00-00', 20, NULL, 0, 0, 1),
(116, 2, 'piano dien Yamaha CVP 206', '19500000', 'Nguồn âm thanh đàn piano được ghi từ đàn piano cỡ lớn dành cho các buổi hòa nhạc tầm cỡ thế giới của Yamaha và một bàn phím đàn có thể cho phép bạn diễn đạt toàn bộ cảm xúc của mình bằng âm thanh.\r\n\r\nChúng tôi không chỉ tinh lọc các thành phần liên quan đến buổi trình diễn, mà cúng tôi hợp nhất chúng lại vào cây đàn piano để có thể tái diễn lại cảm xúc chủ định của người chơi đàn. Ngoài chất lượng âm thanh thể hiện ở mức độ cao, còn có một số đặc điểm đặc biệt được cung cấp, chẳng hạn như Hướng dẫn, Nhạc Đệm Tự động và Karaoke.\r\n\r\nCòn gì đặc biệt nữa, đó chính là khả năng có thể truy cập internet trực tiếp cho phép bạn lựa chọn một loạt các bài hát. Các đàn piano kỹ thuật số chắc chắn sẽ tăng cảm giác niềm vui tạo ra âm nhạc.', NULL, 'Yamaha-CVP-206-205x205', '0000-00-00', 20, NULL, 0, 0, 1),
(117, 2, 'Piano dien Yamaha CVP 207', '23000000', 'Piano điện Yamaha CVP-207 là modern cao cấp của hãng Yamaha, với kiểu dáng sang trọng, thiết kế hiện đại. CVP-207 có rất nhiều chức năng , vừa là một cây Piano, vừa là một organ chuyên nghiệp. Với hệ thống voice và style đa dạng, nó còn có thể đọc được tất cả các voice và style của những đàn organ PSR nhờ có ổ đĩa mềm.\r\nThiết kế sang trọng và hiện đại rất thích hợp cho phòng trà và những quán cafe, hoặc những người chơi nhạc chuyên nghiệp. Piano điện Yamaha CVP-207 có thể trình diễn như một dàn nhạc chuyên nghiệp.', NULL, 'Yamaha-CVP-207-205x205', '0000-00-00', 15, NULL, 0, 0, 1),
(118, 2, 'Piano dien Yamaha YDP 131C', '12000000', 'Đàn Piano điện Yamaha YDP-131 được trang bị bàn phím GHS cùng tính năng chơi 2 nhạc cụ cùng lúc sẽ mang đến một cảm giác thú vị và biểu cảm cho người chơi. Yamaha YDP-131 phù hợp với người mới bắt đầu chơi và cho cả những người nhiều kinh nghiệm chơi loại nhạc cụ này.', NULL, 'Yamaha-YDP-131C-205x205', '0000-00-00', 20, NULL, 0, 0, 1),
(119, 2, 'Piano dien Yamaha YDP 151C', '14000000', 'Phù hợp cho sinh viên bắt đầu học cũng như những người chơi đàn có kinh nghiệm, piano Yamaha YDP-151 cung cấp âm thanh và cảm nhận đàn piano thật sự.\r\n\r\nPhím đàn Graded Hammer và phím chuẩn Graded Hammer tạo cho người chơi cảm giác vui thú cả khi thực hành và biểu diễn. Các giọng AWM Stereo Sampling tạo ra âm thanh đồng nhất đáng kể. Hơn thế nữa, pedal vang âm bao gồm hiệu ứng vang âm một nữa, cho bạn sự kiểm soát ấn tượng về sắc thái đối với các âm thanh duy trì. Khả năng giọng kép cho phép bạn chơi các âm thanh nhạc cụ khác nhau ở cùng một lúc trong khi bộ thu âm bài hát 1 track cho phép bạn bắt giữ các ý tưởng và buổi biểu diễn âm nhạc nguyên thủy.', NULL, 'Yamaha-YDP-151C-205x205', '0000-00-00', 18, NULL, 0, 0, 1),
(120, 3, 'Electone Yamaha EL 70', '10000000', 'Yamaha EL-70 được thiết kế với loa công suất lớn dùng trong nhà thờ và các tổ chức tôn giáo. Âm sắc EL-70 rất hay nhờ công nghệ AWM của Yamaha.', NULL, 'Electone-Yamaha-EL-70-205x205', '0000-00-00', 15, NULL, 0, 2, 1),
(121, 3, 'Electone Yamaha EL 90', '11000000', '<p>Electone Yamaha EL-90 được thiết kế với rất nhiều chức năng phức tạp nhưng lại sử dụng hết sức dễ dàng.</p>\r\n\r\n<p>Kỹ thuật âm thanh thế hệ mới AWM (Advanced Wave Memory) và FM (Frequency Modulation) được kết hợp cùng với độ nhạy trung thực cho mỗi âm sắc riêng biệt làm cho nhạc cụ này trở nên hết sức lôi cuốn. </p>\r\n\r\n<p>Tiếng organ trên đàn Electone EL-90 vô cùng phong phú từ jazz và pop organ cho đến organ nhà thờ và rạp hát.</p>', NULL, 'Electone-Yamaha-EL-90-205x205', '0000-00-00', 20, NULL, 0, 5, 1),
(122, 3, 'Electone Yamaha EL 500', '10000000', '<p>Electone Yamaha EL-500 được thiết kế với rất nhiều chức năng phức tạp nhưng lại sử dụng hết sức dễ dàng.</p>\r\n\r\n<p>Kỹ thuật âm thanh thế hệ mới AWM (Advanced Wave Memory) và FM (Frequency Modulation) được kết hợp cùng với độ nhạy trung thực cho mỗi âm sắc riêng biệt làm cho nhạc cụ này trở nên hết sức lôi cuốn.</p> \r\n\r\n<p>Tiếng organ trên đàn Electone EL-500 vô cùng phong phú từ jazz và pop organ cho đến organ nhà thờ và rạp hát.</p>', NULL, 'Electone-Yamaha-EL-500-205x205', '0000-00-00', 20, NULL, 0, 1, 1),
(123, 3, 'Electone Yamaha EL 900', '16000000', 'Đàn electone Yamaha EL-900 giá rẻ tại TPHCM. Đàn được thiết kế với hệ thống 6 loa và amplifier 216W cực kỳ mạnh mẽ, thích hợp mọi không gian.', NULL, 'Electone-Yamaha-EL-900-205x205', '0000-00-00', 25, NULL, 0, 0, 1),
(124, 3, 'Organ Yamaha E453', '6800000', '<p>Organ Yamaha PSR-E453 được thiết kế với 61 phím cỡ chuẩn tích hợp các tính năng chuyên nghiệp như Live Control Knobs, DJ patter, Cổng cắm USB đa dạng và công suất loa được cải tiến, mang đến màn trình diễn mạnh mẽ hơn so với dòng sản phẩm trước.</p>\r\n\r\n<p>Organ Yamaha PSR-E453 không những phù hợp với người mới tập chơi mà còn đáp ứng được nhu cầu cho người chơi bán chuyên nghiệp/ nghệ sỹ sáng tác.</p>\r\n\r\n<p>Bạn sẽ thỏa sức khám phá âm nhạc cùng các tính năng đa dạng, dễ sử dụng nhưng vẫn đảm bảo tính chuyên nghiệp của organ Yamaha PSR-E453 và còn nhiều điểm đặc biệt khác như khả năng kết nối tuyệt vời, loa với công suất được mở rộng.</p>\r\n\r\n<p>Khả năng kết nối tuyệt vời thông qua cổng USB TO HOST, người chơi có thể lưu giữ phần trình diễn trên máy vi tính hoặc các thiết bị thông minh.\r\nOrgan Yamaha PSR-E453 còn cho phép kết nối với hệ điều hành IOS, hỗ trợ người chơi trong việc cân chỉnh MIDI với các ứng dụng (apps) đặc biệt\r\nVới cổng kết nối AUX IN, bạn sẽ dễ dàng chơi những bài hát yêu thích cùng với máy nghe nhạc (audio player). Thêm vào đó, tính năng Melody Suppressor còn giúp điều chỉnh âm lượng của giọng hát, giai điệu gốc, cho người chơi thỏa sức phối hợp cùng với đàn.</p>\r\n\r\n<p>Đàn Yamaha PSR-E453 mang đến thiết kế mạnh mẽ với chức năng được đa dạng hóa và nâng cao, phù hợp với bất kì mục đích sử dụng nào.</p>\r\n\r\n<p>*Đối với việc kết nối hệ điều hành IOS, vui lòng đọc hướng dẫn sử dụng của iphone/ iPad.</p>', NULL, 'Organ-Yamaha-E453-205x205', '0000-00-00', 18, NULL, 0, 0, 1);
INSERT INTO `dt_product` (`id`, `category_id`, `name`, `price`, `desc`, `detail`, `img_url`, `create_at`, `qty`, `note`, `sold`, `view`, `active`) VALUES
(125, 3, 'Organ Yamaha PSR E253', '3450000', '<p>Đàn organ Yamaha PSR-E253 là sự tổng hợp hoàn chỉnh của những âm thanh tuyệt vời và những ưu điểm nổi trội nhất, là model thích hợp để khơi dậy tài năng âm nhạc dành cho lứa tuổi mới bắt đầu. Bạn có thể sử dụng chức năng bài học nhạc Yamaha Education Suite (Y.E.S) để tự học 100 bài hát cài đặt sẵn, hoặc trải nghiệm và tạo nên âm nhạc của riêng mình bằng 385 âm sắc và 100 điệu nhạc có sẵn.</p>\r\n\r\n<p>Cổng Aux Line Input giúp người sử dụng có thể kết nối organ Yamaha PSR-E253 với máy nghe nhạc MP3 và sử dụng đàn như một hệ thống loa để trình diễn hoặc đơn giản chỉ để nghe nhạc. Tất cả những tính năng tuyệt vời đều được tích hợp sẵn trong organ Yamaha PSR-E253 với giá rất phải chăng.</p>', NULL, 'Organ-Yamaha-PRS-E253-205x205', '0000-00-00', 20, NULL, 0, 0, 1),
(126, 3, 'Organ Yamaha PSR E353', '4300000', '<p>Organ Yamaha PSR-E353 là thiết bị dễ sử dụng với các chức năng hướng dẫn học dành cho người mới bắt đầu, đi kèm với bàn phím có chức năng Touch-response (độ nhạy của lực đánh phím), thậm chí sẽ thỏa mãn cả những người chơi nhạc có kinh nghiệm.</p>\r\n\r\n<p>Hơn nữa, để thưởng thức thư viện tổng hợp 573 âm sắc từ khắp nơi trên thế giới, người sử dụng có thể kết nối với thiết bị phát nhạc và đàn theo những bài hát yêu thích, hoặc kết nối với iPhone, iPad hoặc PC để tận hưởng những trải nghiệm âm nhạc vô cùng mới mẻ.</p>\r\n\r\n<p>Bàn phím có độ nhạy cao và phạm vi hoạt động rộng\r\n573 âm sắc chất lượng cao, bao gồm tiếng piano, guitar, trống và dàn nhạc giao hưởng\r\nChức năng bài học nhạc (Yamaha Education Suite) với 9 bước\r\nKết nối với các thiết bị phát nhạc, điều chỉnh giai điệu với chức năng Melody Suppressor\r\nĐiều chỉnh âm thanh bằng EQ\r\nKết nối với iPad/iPhone và mở rộng chức năng với những ứng dụng sẵn có\r\n150 tiếng arpeggio khác nhau tạo nên sức mạnh vượt trội và ấn tượng\r\n158 điệu đệm tự động với chức năng Music Database.</p>', NULL, 'Organ-Yamaha-PSR-E353-205x205', '0000-00-00', 15, NULL, 0, 2, 1),
(127, 3, 'Organ Yamaha PSR VN300', '4300000', '<p>Đàn organ Yamaha PSR-VN300 là sản phẩm được các chuyên gia Việt Nam và Nhật Bản phối hợp thiết kế dành riêng cho thị trường Việt Nam. Đàn bao gồm 60 bài hát trong chương trình phổ thông và 10 bài hát Việt Nam thông dụng.</p>\r\n\r\n<p>Organ Yamaha PSR-VN300 là một nhạc cụ có 482 âm sắc, chân thực với hệ âm sắc 361 XGlite, 12 bộ trống, 106 tiết tấu nhạc đệm và 110 bài hát được tích hợp bao gồm 60 bài hát Việt. Nút Portable Grand để chọn âm thanh grand piano.</p>\r\n\r\n<p>Một giao diện USB-MIDI tùy chọn cho phép bạn tải thông tin bài hát từ Internet và lưu nó vào bộ nhớ flash trên nhạc cụ. Đặc trưng của Yamaha Education Suite (Bộ dụng cụ Giáo dục của Yamaha) khiến việc học và rèn luyện âm nhạc trở nên vui hơn bao giờ hết.</p>', NULL, 'Organ-Yamaha-PSR-VN300-205x205', '0000-00-00', 20, NULL, 0, 0, 1),
(128, 4, 'Acoustic guitar A 09', '3800000', 'Guitar acoustic A-09 là guitar tầm trung nhưng được làm từ những vật liệu cao cấp như gỗ thông, hồng đào chất lượng cao nên cho âm thanh rất hay. Guitar acoustic A-09 phù hợp cho những người mới tập chơi đàn với mức giá khá tốt của một cây guitar chất lượng.', NULL, 'Acoustic-guitar-A-09-205x205', '0000-00-00', 20, NULL, 0, 3, 1),
(129, 4, 'Guitar acoustic A 01K', '2200000', 'Guitar acoustic A-01K được làm từ gỗ điệp cao cấp cho vân gỗ rất đẹp và thẩm mỹ, đồng thời tạo ra âm thanh rất hay. Mặt đàn được làm từ loại thông cao cấp.', NULL, 'Guitar-acoustic-A-01K-205x205', '0000-00-00', 15, NULL, 0, 1, 1),
(130, 4, 'Guitar acoustic A 02K', '4500000', 'Guitar acoustic A-02K được làm từ mặt thông sitka cao cấp Alaska cho âm thanh rất hay nhờ sớ gỗ thông thẳng được lựa chọn kỹ lưỡng trước khi làm đàn. Lưng và hông đàn được làm từ gỗ Savannah.', NULL, 'Guitar-acoustic-A-02K-205x205', '0000-00-00', 10, NULL, 0, 22, 1),
(131, 4, 'Guitar acoustic A 03K', '2800000', 'Đàn guitar acoustic A-03K là dòng đàn guitar Việt Nam chất lượng cao, được làm từ những loại gỗ cao cấp chuyên dùng để sản xuất đàn guitar như gỗ thông sitka, hồng đào cao cấp, gỗ giá tỵ, gỗ đen, gỗ mun…', NULL, 'Guitar-acoustic-A-03K-205x205', '0000-00-00', 15, NULL, 0, 0, 1),
(132, 4, 'Guitar acoustic A 05', '2700000', 'Guitar acoustic A-05 được làm từ những loại gỗ cao cấp chuyên dùng trong chế tác đàn guitar.\r\n\r\nMặt: gỗ thông sitka\r\nEo + lưng: gỗ hồng đào cao cấp\r\nCần: thao lao\r\nMặt phím: gỗ đen\r\nNgựa: gỗ mun\r\nTy chống cong cần\r\nDây: Alice A206\r\nKhóa hộp: Taiwan', NULL, 'Guitar-acoustic-A-05-205x205', '0000-00-00', 15, NULL, 0, 1, 1),
(133, 4, 'Guitar acoustic A 07K', '1500000', 'Guitar acoustic A-07K được làm từ những loại gỗ cao cấp chuyên dùng trong chế tác đàn guitar.\r\n\r\n<p>\r\nMặt: gỗ thông sitka\r\nEo + lưng: gỗ hồng đào cao cấp\r\nCần: thao lao\r\nMặt phím: gỗ đen\r\nNgựa: gỗ mun\r\nTy chống cong cần\r\nDây: Alice A206\r\nKhóa hộp: Taiwan\r\n</p>', NULL, 'Guitar-acoustic-A-07K-205x205', '0000-00-00', 20, NULL, 0, 7, 1),
(134, 4, 'Guitar acoustic A 09K', '3200000', '<p>Guitar acoustic A-09K là guitar tầm trung nhưng được làm từ những vật liệu cao cấp như gỗ thông, hồng đào chất lượng cao nên cho âm thanh rất hay.\r\nGuitar acoustic A-09K phù hợp cho những người mới tập chơi đàn với mức giá khá tốt của một cây guitar chất lượng.</p>\r\n\r\n<p>\r\nGuitar A-09K được thiết kế dạng khuyến mang dáng vẻ mạnh mẽ, hiện đại và không kém phần nghệ thuật.</p>', NULL, 'Guitar-acoustic-A-09K-205x205', '0000-00-00', 20, NULL, 0, 0, 1),
(135, 4, 'Guitar acoustic A 10K', '2800000', 'Guitar acoustic A-10K với nhiều màu sắc tươi trẻ, phù hợp cho các bạn trẻ chơi đàn guitar, đặc biệt là các bạn nữ và bé gái với gam màu trắng và hồng.', NULL, 'Guitar-acoustic-A-10K-205x205', '0000-00-00', 17, NULL, 0, 3, 1),
(136, 4, 'Guitar acoustic A 11', '4200000', 'Guitar acoustic A-11K', NULL, 'Guitar-acoustic-A-11K-205x205', '0000-00-00', 20, NULL, 0, 0, 1),
(137, 4, 'Guitar acoustic A 12K', '5100000', '<p>Guitar acoustic A-12K là sản phẩm đàn guitar thùng gỗ được thiết kế mang phong cách rock hiện đại với thùng khuyết được vuốt nhọn ở đầu và họa tiết tinh tế nhưng mạnh mẽ trên thùng đàn.</p>\r\n\r\n<p>\r\nEo và lưng được làm từ gỗ hồng đào cao cấp được chọn lọc ở phần thân và rễ cho độ chắc và bền cao nhất, đồng thời tạo ra âm thanh rất ấn tượng.</p>', NULL, 'Guitar-acoustic-A-12K-205x205', '0000-00-00', 20, NULL, 0, 20, 1),
(138, 4, 'Guitar classic C 01', '4600000', 'Guitar Classic C-01 được làm từ gỗ điệp chất lượng cao cho âm thanh hay, ấm áp và quyến rũ.', NULL, 'Guitar-classic-C-01-205x205', '0000-00-00', 20, NULL, 0, 3, 1),
(139, 4, 'Guitar classic C 05', '1700000', '<p>Đàn guitar classic C-05 được chế tác từ những loại gỗ cao cấp chuyên biệt để sản xuất đàn guitar như thông sitka, hồng đào cao cấp, gỗ thao lao, gỗ đen cho âm thanh quyến rũ trên bộ dây ny-lông cao cấp Alice.</p>\r\n\r\n<p>\r\nHơn nữa, đàn được chế tác từ những thợ làm đàn lâu năm trong nghề nên chất lượng rất đồng đều. Tất cả sản phẩm đàn guitar được bảo hành 12 tháng.</p>', NULL, 'Guitar-classic-C-05-205x205', '0000-00-00', 25, NULL, 0, 0, 1),
(140, 5, 'Acoustic string ALICE AW433', '80000', 'Dây đàn Acoustic Alice AW-433 là một sản phẩm từ hãng Alice uy tín hàng đầu, không còn quá xa lạ với cộng đồng đàn Guitar Việt Nam.\r\nDây có cả 2 cỡ 11 và 12 cho khách hàng lựa chọn!', NULL, 'Acoustic-guitar-string-ALICE-AW433-205x205', '0000-00-00', 50, NULL, 0, 14, 1),
(141, 5, 'Alice AW436', '75000', 'Dây Guitar Acoustic Alice AW-436 chính hãng Alice, màu đồng nhạt. Kích cỡ 11-52, loại Super Light. Dây Alice AW-436 được bọc đồng phốt-pho, âm sáng, trong trẻo. Với lớp chống gỉ độc quyền, tuổi thọ dây gấp 4 đến 5 lần dây bình thường. Dây được làm bằng máy quấn tự động và chất lượng dây ổn định.', NULL, 'Alice-AW436-205x205', '0000-00-00', 50, NULL, 0, 42, 1),
(142, 5, 'Day deo guitar strap 1', '120000', 'Dây đeo đàn guitar', NULL, 'Day-deo-guitar-strap-1-205x205', '0000-00-00', 50, NULL, 0, 53, 1),
(143, 5, 'FTC', '200000', 'Khăn phủ đàn piano được làm từ vải nhung cao cấp, được thiết kế để phủ toàn bộ cây đàn piano nhằm bảo vệ cây đàn piano của bạn khỏi bụi bẩn và ánh nắng trực tiếp chiếu vào.', NULL, 'FTC-205x205', '0000-00-00', 50, NULL, 0, 2, 1),
(144, 5, 'Grand piano key', '20000', 'Chìa khóa đàn grand piano', NULL, 'Grand-piano-key-205x205', '0000-00-00', 20, NULL, 0, 4, 1),
(145, 5, 'Khan phu piano TC 01', '220000', 'Khăn phủ đàn piano TC-01 được làm từ vải cao cấp, được thiết kế để tô thêm vẻ sang trọng cho cây đàn piano của bạn.', NULL, 'Khan-phu-piano-TC-01-205x205', '0000-00-00', 15, NULL, 0, 2, 1),
(146, 5, 'Khan phu piano TC 03', '250000', 'Khăn phủ đàn piano TC-03 được làm từ vải cao cấp nhập khẩu từ Thái Lan, được thiết kế để tránh bụi bẩn và tô thêm vẻ sang trọng cho cây đàn piano của bạn.', NULL, 'Khan-phu-piano-TC-03-205x205', '0000-00-00', 25, NULL, 0, 0, 1),
(147, 5, 'Metronome Nikko', '70000', 'Máy đánh nhịp Nikko (metronome)', NULL, 'Metronome-Nikko-205x205', '0000-00-00', 25, NULL, 0, 3, 1),
(148, 5, 'Ong suoi dan piano', '300000', 'Ống sưởi đàn piano sử dụng điện 220V, giữ cho cây đàn piano của bạn khỏi bị ẩm mốc đặc biệt là vào mùa mưa ẩm ướt.', NULL, 'Ong-suoi-dan-piano-205x205', '0000-00-00', 30, NULL, 0, 8, 1),
(149, 5, 'Piano key', '52000', 'Chìa khóa đàn upright piano', NULL, 'Piano-key-205x205', '0000-00-00', 50, NULL, 0, 0, 1),
(150, 5, 'Rowin LT 23', '175000', 'Máy chỉnh dây tuner Rowin LT-23 giúp bạn dễ dàng lấy lại cao độ chính xác cho các dây đàn guitar. Máy cũng sử dụng cho các nhạc cụ khác như ukulele, violin, bass và chromatic.', NULL, 'Rowin-LT-23-205x205', '0000-00-00', 75, NULL, 0, 6, 1);

-- --------------------------------------------------------

--
-- Cấu trúc bảng cho bảng `dt_question`
--

CREATE TABLE `dt_question` (
  `id` int(11) NOT NULL,
  `content` varchar(255) NOT NULL,
  `order` int(11) NOT NULL,
  `active` varchar(1) NOT NULL
) ENGINE=InnoDB DEFAULT CHARSET=utf8;

--
-- Đang đổ dữ liệu cho bảng `dt_question`
--

INSERT INTO `dt_question` (`id`, `content`, `order`, `active`) VALUES
(1, 'Trang web của chúng tôi như thế nào ?', 1, '1');

-- --------------------------------------------------------

--
-- Cấu trúc bảng cho bảng `dt_user`
--

CREATE TABLE `dt_user` (
  `id` int(255) NOT NULL,
  `email` varchar(255) NOT NULL,
  `password` varchar(255) NOT NULL,
  `name` varchar(255) NOT NULL,
  `address` varchar(500) NOT NULL,
  `dob` date NOT NULL,
  `mobile` varchar(100) NOT NULL,
  `gender` tinyint(4) NOT NULL,
  `active` tinyint(4) NOT NULL
) ENGINE=InnoDB DEFAULT CHARSET=utf8;

--
-- Đang đổ dữ liệu cho bảng `dt_user`
--

INSERT INTO `dt_user` (`id`, `email`, `password`, `name`, `address`, `dob`, `mobile`, `gender`, `active`) VALUES
(24, 'tdd310797@gmail.com', 'b0412597dcea813655574dc54a5b74967cf85317f0332a2591be7953a016f8de56200eb37d5ba593b1e4aa27cea5ca27100f94dccd5b04bae5cadd4454dba67d', 'david', '', '0000-00-00', '016545012233', 0, 1);

--
-- Chỉ mục cho các bảng đã đổ
--

--
-- Chỉ mục cho bảng `dt_admin`
--
ALTER TABLE `dt_admin`
  ADD PRIMARY KEY (`id`);

--
-- Chỉ mục cho bảng `dt_answer`
--
ALTER TABLE `dt_answer`
  ADD PRIMARY KEY (`id`);

--
-- Chỉ mục cho bảng `dt_category`
--
ALTER TABLE `dt_category`
  ADD PRIMARY KEY (`id`);

--
-- Chỉ mục cho bảng `dt_contact`
--
ALTER TABLE `dt_contact`
  ADD PRIMARY KEY (`id`);

--
-- Chỉ mục cho bảng `dt_department`
--
ALTER TABLE `dt_department`
  ADD PRIMARY KEY (`id`);

--
-- Chỉ mục cho bảng `dt_order`
--
ALTER TABLE `dt_order`
  ADD PRIMARY KEY (`id`);

--
-- Chỉ mục cho bảng `dt_order_detail`
--
ALTER TABLE `dt_order_detail`
  ADD PRIMARY KEY (`order_id`,`product_id`);

--
-- Chỉ mục cho bảng `dt_product`
--
ALTER TABLE `dt_product`
  ADD PRIMARY KEY (`id`);

--
-- Chỉ mục cho bảng `dt_question`
--
ALTER TABLE `dt_question`
  ADD PRIMARY KEY (`id`);

--
-- Chỉ mục cho bảng `dt_user`
--
ALTER TABLE `dt_user`
  ADD PRIMARY KEY (`id`),
  ADD UNIQUE KEY `email` (`email`);

--
-- AUTO_INCREMENT cho các bảng đã đổ
--

--
-- AUTO_INCREMENT cho bảng `dt_admin`
--
ALTER TABLE `dt_admin`
  MODIFY `id` int(255) NOT NULL AUTO_INCREMENT, AUTO_INCREMENT=2;

--
-- AUTO_INCREMENT cho bảng `dt_answer`
--
ALTER TABLE `dt_answer`
  MODIFY `id` int(11) NOT NULL AUTO_INCREMENT, AUTO_INCREMENT=5;

--
-- AUTO_INCREMENT cho bảng `dt_category`
--
ALTER TABLE `dt_category`
  MODIFY `id` int(255) NOT NULL AUTO_INCREMENT, AUTO_INCREMENT=6;

--
-- AUTO_INCREMENT cho bảng `dt_contact`
--
ALTER TABLE `dt_contact`
  MODIFY `id` int(11) NOT NULL AUTO_INCREMENT, AUTO_INCREMENT=7;

--
-- AUTO_INCREMENT cho bảng `dt_department`
--
ALTER TABLE `dt_department`
  MODIFY `id` int(255) NOT NULL AUTO_INCREMENT, AUTO_INCREMENT=5;

--
-- AUTO_INCREMENT cho bảng `dt_order`
--
ALTER TABLE `dt_order`
  MODIFY `id` int(255) NOT NULL AUTO_INCREMENT, AUTO_INCREMENT=18;

--
-- AUTO_INCREMENT cho bảng `dt_product`
--
ALTER TABLE `dt_product`
  MODIFY `id` int(255) NOT NULL AUTO_INCREMENT, AUTO_INCREMENT=151;

--
-- AUTO_INCREMENT cho bảng `dt_question`
--
ALTER TABLE `dt_question`
  MODIFY `id` int(11) NOT NULL AUTO_INCREMENT, AUTO_INCREMENT=2;

--
-- AUTO_INCREMENT cho bảng `dt_user`
--
ALTER TABLE `dt_user`
  MODIFY `id` int(255) NOT NULL AUTO_INCREMENT, AUTO_INCREMENT=25;
COMMIT;

/*!40101 SET CHARACTER_SET_CLIENT=@OLD_CHARACTER_SET_CLIENT */;
/*!40101 SET CHARACTER_SET_RESULTS=@OLD_CHARACTER_SET_RESULTS */;
/*!40101 SET COLLATION_CONNECTION=@OLD_COLLATION_CONNECTION */;
